UM10-10 Brogo Granodiorite Apatite 3D Semi-Track Lengths ,,,,,,,,,
,,,,,,,,,
Grain Name,Length Number,Apparent Length,Corr.  Z Depth,True Length,Azimuth,Dip,Proj C len,Angle to C,Dper
Grain01,1,1.39,0,1.39,8.33,0,1.38,8.33,0.663
Grain01,2,1.87,5.39,5.71,41.24,70.84,1.41,75.74,0.663
Grain01,3,4.84,2.45,5.43,28.9,26.84,4.24,38.71,0.663
Grain01,4,2.31,2.94,3.74,44.8,51.81,1.64,64.01,0.663
Grain01,5,3.72,3.43,5.06,5.59,42.7,3.70,42.97,0.663
Grain01,6,0.74,0.98,1.23,76.9,52.85,0.17,82.16,0.663
Grain01,7,0.79,0.49,0.93,39.85,31.94,0.61,49.30,0.663
Grain01,8,2.56,1.96,3.22,52.01,37.49,1.58,60.70,0.663
Grain01,9,0.14,0.98,0.99,55.1,81.99,0.08,85.36,0.663
Grain01,10,5.26,4.9,7.19,35.95,43,4.26,53.68,0.663
Grain01,11,4.61,2.45,5.22,86.65,27.98,0.27,87.04,0.663
Grain01,12,0.99,1.47,1.78,68.59,55.92,0.36,78.29,0.663
Grain01,13,2.83,1.96,3.44,37.69,34.7,2.24,49.38,0.663
Grain01,14,0.83,0.49,0.96,83.26,30.55,0.10,84.18,0.663
Grain01,15,4.45,4.9,6.62,42.57,47.76,3.28,60.33,0.663
Grain01,16,0.5,1.47,1.55,68.59,71.31,0.18,83.24,0.663
Grain01,17,6.79,6.86,9.65,81.67,45.32,0.98,84.15,0.663
Grain01,18,1.86,1.96,2.7,49.97,46.55,1.20,63.70,0.663
Grain01,19,4.52,4.9,6.67,67.44,47.33,1.73,74.93,0.663
Grain01,20,0.34,1.47,1.51,18.23,76.8,0.32,77.65,0.663
Grain01,21,2,0.49,2.06,11.5,13.77,1.96,17.94,0.663
Grain01,22,2.02,7.84,8.1,42.75,75.56,1.48,79.45,0.663
Grain01,23,4.38,0.98,4.49,26.92,12.61,3.91,29.57,0.663
Grain01,24,3.6,5.39,6.48,87.57,56.29,0.15,88.65,0.663
Grain01,25,3.14,1.47,3.47,46.26,25.09,2.17,51.27,0.663
Grain01,26,3.28,2.45,4.09,77.35,36.78,0.72,79.89,0.663
Grain01,27,2.95,3.43,4.52,38.79,49.35,2.30,59.42,0.663
Grain01,28,6.45,4.9,8.1,22.77,37.24,5.95,42.76,0.663
Grain01,29,0.96,0.98,1.37,76.14,45.58,0.23,80.34,0.663
Grain01,30,5.42,8.82,10.36,7.52,58.44,5.37,58.76,0.663
Grain01,31,2.14,1.47,2.6,56.95,34.5,1.17,63.33,0.663
Grain01,32,1.15,0.98,1.51,22.37,40.5,1.06,45.23,0.663
Grain01,33,3.21,1.47,3.53,36.28,24.64,2.59,42.86,0.663
Grain01,34,0.48,0.49,0.69,34.9,45.43,0.39,55.21,0.663
Grain01,35,3.55,4.9,6.05,18.01,54.12,3.38,56.08,0.663
Grain01,36,2.95,1.96,3.54,17.7,33.59,2.81,37.45,0.663
Grain01,37,1.1,3.43,3.6,34.9,72.17,0.90,75.49,0.663
Grain01,38,3.15,3.43,4.66,58.1,47.43,1.66,69.07,0.663
Grain01,39,9.95,3.92,10.7,38.47,21.51,7.79,43.28,0.663
Grain01,40,5.38,5.39,7.62,34.9,45.06,4.41,54.62,0.663
Grain01,41,0.15,1.47,1.48,61.46,84.01,0.07,87.22,0.663
Grain01,42,6.54,2.45,6.98,8.39,20.55,6.47,22.04,0.663
Grain01,43,3.02,2.45,3.89,79.9,39.03,0.53,82.18,0.663
Grain01,44,3.52,3.43,4.92,51.74,44.24,2.18,63.70,0.663
Grain01,45,5.21,5.88,7.86,62.48,48.45,2.41,72.17,0.663
Grain01,46,0.15,0.49,0.51,81.67,72.53,0.02,87.56,0.663
Grain01,47,3.79,3.43,5.11,24.41,42.17,3.45,47.52,0.663
Grain01,48,1.17,1.47,1.88,75.13,51.38,0.30,80.81,0.663
Grain01,49,3.06,2.45,3.92,3.71,38.66,3.05,38.83,0.663
Grain01,50,1.64,2.45,2.95,20.28,56.22,1.54,58.57,0.663
Grain01,51,1.49,2.45,2.87,68.5,58.72,0.55,79.03,0.663
Grain02,1,4.17,0.98,4.28,1.52,13.23,4.17,13.10,0.619
Grain02,2,3.87,1.96,4.34,0.54,26.88,3.87,26.92,0.619
Grain02,3,3.45,5.88,6.82,39.33,59.61,2.67,66.97,0.619
Grain02,4,2,1.47,2.48,86.87,36.32,0.11,87.48,0.619
Grain02,5,0.25,0,0.25,6.79,0,0.25,6.79,0.619
Grain02,6,0.5,0.98,1.1,6.79,63.1,0.50,63.17,0.619
Grain02,7,1.59,0.98,1.87,42.96,31.69,1.16,51.52,0.619
Grain02,8,5.78,8.82,10.55,76.25,56.77,1.37,82.52,0.619
Grain02,9,2.95,5.39,6.14,82.1,61.34,0.41,86.21,0.619
Grain02,10,3.67,0.49,3.7,0.71,7.62,3.67,7.34,0.619
Grain02,11,1.66,1.47,2.22,82.11,41.52,0.23,84.11,0.619
Grain02,12,0.28,0.49,0.57,54.51,59.88,0.16,73.43,0.619
Grain02,13,2.38,5.39,5.9,18.37,66.16,2.26,67.49,0.619
Grain02,14,3.2,8.33,8.93,16.86,69.02,3.06,69.94,0.619
Grain02,15,5.22,1.47,5.42,86.01,15.74,0.36,86.16,0.619
Grain02,16,0.68,0.49,0.84,73.49,35.81,0.19,76.70,0.619
Grain02,17,0.31,0.98,1.03,13.91,72.53,0.30,73.01,0.619
Grain02,18,2.14,0.49,2.19,28.75,12.91,1.88,31.05,0.619
Grain02,19,4.81,2.94,5.64,48.72,31.45,3.17,55.76,0.619
Grain02,20,4.35,2.45,4.99,64.22,29.4,1.89,67.72,0.619
Grain02,21,5.04,7.35,8.92,0.47,55.56,5.04,55.60,0.619
Grain02,22,1.64,4.9,5.17,18.23,71.51,1.56,72.46,0.619
Grain02,23,6.37,3.43,7.24,53.61,28.29,3.78,58.53,0.619
Grain02,24,3.71,7.84,8.68,67.96,64.7,1.39,80.77,0.619
Grain02,25,4.56,5.88,7.44,50.94,52.22,2.87,67.28,0.619
Grain02,26,3.56,1.96,4.06,4.94,28.84,3.55,29.12,0.619
Grain02,27,8.35,3.92,9.23,27.2,25.15,7.43,36.43,0.619
Grain02,28,0.25,0,0.25,83.21,0,0.03,83.21,0.619
Grain02,29,1.27,2.94,3.2,27.14,66.68,1.13,69.32,0.619
Grain02,30,1.61,4.41,4.7,20.49,69.9,1.51,71.28,0.619
Grain02,31,0.64,0.98,1.17,8.92,57.03,0.63,57.29,0.619
Grain02,32,0.37,0.49,0.62,71.33,52.85,0.12,78.99,0.619
Grain02,33,0.07,0,0.07,40.48,0,0.05,40.48,0.619
Grain02,34,1.24,0.49,1.34,46.34,21.51,0.86,50.29,0.619
Grain02,35,0.9,0.49,1.02,17.05,28.59,0.86,32.48,0.619
Grain02,36,8.9,3.92,9.73,42.25,23.77,6.59,47.38,0.619
Grain02,37,3.12,1.96,3.68,31.49,32.15,2.66,43.70,0.619
Grain02,38,0.91,0,0.91,40.78,0,0.69,40.78,0.619
Grain02,39,7.87,2.94,8.4,16.16,20.49,7.56,25.86,0.619
Grain02,40,2,0,2,3.13,0,2.00,3.13,0.619
Grain02,41,1.89,0.49,1.96,29.98,14.51,1.64,33.36,0.619
Grain02,42,1.68,1.47,2.23,59.65,41.2,0.85,67.63,0.619
Grain02,43,1.18,5.88,6,56.23,78.65,0.66,83.72,0.619
Grain02,44,2.79,1.96,3.41,20.25,35.07,2.62,39.86,0.619
Grain02,45,4.08,1.47,4.33,64.44,19.84,1.76,66.01,0.619
Grain02,46,9.43,3.92,10.21,78.94,22.59,1.81,79.79,0.619
Grain02,47,1.51,0.49,1.58,33.58,18.02,1.26,37.23,0.619
Grain02,48,0.68,1.47,1.62,64.44,65.21,0.29,79.57,0.619
Grain03,1,3.85,1.96,4.32,76.8,27,0.88,78.26,0.546
Grain03,2,2.29,2.94,3.73,48.89,52.06,1.51,66.19,0.546
Grain03,3,5.6,5.88,8.12,24.2,46.42,5.11,51.02,0.546
Grain03,4,5.11,5.88,7.79,30.05,49.03,4.42,55.40,0.546
Grain03,5,7.74,4.41,8.91,45.36,29.67,5.44,52.38,0.546
Grain03,6,0.39,0.98,1.06,72.73,68.3,0.12,83.73,0.546
Grain03,7,7.49,3.92,8.45,22.13,27.64,6.94,34.81,0.546
Grain03,8,4.38,0.98,4.49,55.03,12.62,2.51,56.01,0.546
Grain03,9,1.9,1.96,2.73,15.8,45.86,1.83,47.96,0.546
Grain03,10,2.84,10.29,10.68,68.79,74.6,1.03,84.48,0.546
Grain03,11,1.56,0.49,1.64,17.27,17.44,1.49,24.72,0.546
Grain03,12,4.43,3.43,5.6,32.2,37.77,3.75,47.98,0.546
Grain03,13,6.47,4.41,7.83,11.21,34.27,6.35,35.85,0.546
Grain03,14,3.07,3.92,4.98,16.36,51.92,2.95,53.74,0.546
Grain03,15,6.22,3.92,7.35,22.22,32.24,5.76,38.43,0.546
Grain03,16,1.36,3.43,3.69,3.77,68.4,1.36,68.42,0.546
Grain03,17,3.38,5.39,6.37,78.86,57.9,0.65,84.12,0.546
Grain03,18,9.65,3.92,10.41,45.65,22.12,6.75,49.61,0.546
Grain03,19,1.59,3.92,4.23,64.76,67.96,0.68,80.78,0.546
Grain03,20,3.56,4.41,5.67,47.69,51.07,2.40,65.00,0.546
Grain03,21,2.6,1.96,3.26,30.26,36.99,2.25,46.46,0.546
Grain03,22,2.46,9.31,9.63,50.96,75.19,1.55,80.74,0.546
Grain03,23,5.78,7.35,9.36,58.58,51.81,3.01,71.22,0.546
Grain03,24,4.14,9.31,10.19,59.41,66.02,2.11,78.07,0.546
Grain03,25,7.84,4.41,8.99,33.79,29.37,6.52,43.55,0.546
Grain03,26,1.71,1.47,2.26,67.83,40.64,0.65,73.41,0.546
Grain03,27,6.46,6.86,9.43,67.54,46.71,2.47,74.83,0.546
Grain03,28,0.21,0.98,1,27.73,78.08,0.19,79.29,0.546
Grain03,29,2.22,0.98,2.43,1.96,23.82,2.22,24.07,0.546
Grain03,30,4.1,0.98,4.22,87.11,13.43,0.21,87.19,0.546
Grain03,31,6.08,1.47,6.25,49.81,13.61,3.92,51.11,0.546
Grain03,32,0.72,0.98,1.22,11.03,53.7,0.71,54.60,0.546
Grain03,33,4.45,1.47,4.69,21.67,18.28,4.14,28.14,0.546
Grain03,34,1.21,0.98,1.55,31.3,39.09,1.03,48.16,0.546
Grain03,35,4.37,9.31,10.29,67.71,64.89,1.66,80.73,0.546
Grain03,36,1.38,1.47,2.02,59.41,46.79,0.70,69.66,0.546
Grain03,37,0.91,0.49,1.03,53.52,28.38,0.54,58.31,0.546
Grain03,38,2.42,0.49,2.47,57.37,11.44,1.30,58.11,0.546
Grain03,39,1.82,0.98,2.07,32.79,28.28,1.53,42.34,0.546
Grain03,40,8.51,8.33,11.91,80.3,44.39,1.43,83.09,0.546
Grain03,41,1.61,1.47,2.18,47.71,42.33,1.08,60.20,0.546
Grain03,42,4.67,1.96,5.06,28.11,22.78,4.12,35.51,0.546
Grain03,43,4.65,2.45,5.26,50.29,27.77,2.97,55.61,0.546
Grain03,44,5.45,1.96,5.79,29.18,19.78,4.76,34.73,0.546
Grain03,45,4.04,3.92,5.63,79.16,44.17,0.76,82.24,0.546
Grain03,46,1.55,1.96,2.5,29.99,51.67,1.34,57.52,0.546
Grain03,47,3.93,1.47,4.2,24.39,20.5,3.58,31.55,0.546
Grain03,48,0.53,0.49,0.72,39.07,43.02,0.41,55.15,0.546
Grain03,49,6.04,2.94,6.72,68.83,25.96,2.18,71.06,0.546
Grain03,50,2.22,0.98,2.42,33.09,23.86,1.86,39.77,0.546
Grain03,51,0.15,1.47,1.48,88.83,84.01,0.00,89.88,0.546
Grain03,52,2.07,7.35,7.64,2.25,74.27,2.07,74.29,0.546
Grain03,53,2.81,1.96,3.43,3.05,34.92,2.81,35.11,0.546
Grain03,54,5.6,2.45,6.11,2.63,23.65,5.59,23.71,0.546
Grain03,55,5.79,4.9,7.59,42.93,40.25,4.24,56.04,0.546
Grain03,56,7.08,5.39,8.9,15.29,37.31,6.83,39.88,0.546
Grain03,57,1.71,0.98,1.97,41.77,29.88,1.28,49.65,0.546
Grain03,58,1.71,0.98,1.97,67.83,29.78,0.65,70.88,0.546
Grain03,59,6.06,3.92,7.22,15.91,32.91,5.83,36.18,0.546
Grain03,60,4.4,1.47,4.64,76.55,18.48,1.02,77.26,0.546
Grain03,61,0.53,0.98,1.11,50.93,61.82,0.33,72.49,0.546
Grain03,62,9.12,5.88,10.85,39.58,32.82,7.03,49.62,0.546
Grain03,63,2.55,2.45,3.54,29.28,43.83,2.22,51.07,0.546
Grain03,64,4.38,1.47,4.62,51.88,18.54,2.70,54.18,0.546
Grain03,65,4.72,1.47,4.94,21.85,17.32,4.38,27.52,0.546
Grain03,66,0.74,0.49,0.89,84.07,33.42,0.08,85.07,0.546
Grain03,67,0.64,0.98,1.17,49.74,57.03,0.41,69.30,0.546
Grain03,68,6.52,5.39,8.46,75.72,39.57,1.61,79.04,0.546
Grain03,69,4.69,2.94,5.54,13.69,32.08,4.56,34.66,0.546
Grain03,70,3.83,3.43,5.14,38.93,41.85,2.98,54.57,0.546
Grain03,71,7.79,4.41,8.95,85.2,29.53,0.65,85.82,0.546
Grain03,72,2.76,5.39,6.06,27.73,62.9,2.44,66.23,0.546
Grain03,73,0.87,1.96,2.15,43.83,66.01,0.63,73.03,0.546
Grain03,74,1.44,1.96,2.43,78.97,53.7,0.28,83.49,0.546
Grain03,75,8.92,3.92,9.74,3.99,23.73,8.90,23.99,0.546
Grain03,76,0.29,1.96,1.98,17.27,81.51,0.28,81.96,0.546
Grain03,77,0.78,0.49,0.92,17.27,32.13,0.74,35.94,0.546
Grain03,78,4.82,0.98,4.92,45.65,11.49,3.37,46.78,0.546
Grain03,79,2.16,1.47,2.62,5.25,34.19,2.15,34.82,0.546
Grain03,80,0.96,2.45,2.63,83.31,68.6,0.11,87.56,0.546
Grain03,81,4.53,3.92,5.99,24.7,40.91,4.12,46.60,0.546
Grain03,82,4.43,3.92,5.91,45.88,41.53,3.08,58.55,0.546
Grain04,1,0.84,0.98,1.29,28.34,49.44,0.74,55.03,0.612
Grain04,2,6.37,1.47,6.54,73.55,12.99,1.80,73.99,0.612
Grain04,3,4.86,7.35,8.82,70.38,56.51,1.63,79.34,0.612
Grain04,4,0.76,0.98,1.24,57.4,52.15,0.41,70.72,0.612
Grain04,5,0.44,1.47,1.53,70.64,73.48,0.15,84.53,0.612
Grain04,6,1.33,1.96,2.37,28.83,55.92,1.17,60.55,0.612
Grain04,7,1.88,0.49,1.95,80.64,14.59,0.31,80.98,0.612
Grain04,8,7.52,7.84,10.87,53.25,46.21,4.50,65.55,0.612
Grain04,9,3.05,2.45,3.91,42.99,38.81,2.23,55.21,0.612
Grain04,10,0.15,0.49,0.51,25.64,72.53,0.14,74.62,0.612
Grain04,11,1.38,2.45,2.81,89.07,60.63,0.02,89.54,0.612
Grain04,12,11.65,3.43,12.15,84.39,16.41,1.14,84.62,0.612
Grain04,13,4.57,0.98,4.67,27.18,12.12,4.07,29.48,0.612
Grain04,14,8.09,0.49,8.11,34.85,3.47,6.64,35.05,0.612
Grain04,15,1.23,0.98,1.58,11.23,38.47,1.21,40.22,0.612
Grain04,16,0.54,2.94,2.99,12.4,79.62,0.53,79.84,0.612
Grain04,17,9.05,3.43,9.68,8.11,20.76,8.96,22.25,0.612
Grain04,18,8.45,3.92,9.32,12.7,24.88,8.24,27.81,0.612
Grain04,19,1.86,1.47,2.37,22.73,38.37,1.72,43.63,0.612
Grain04,20,7.6,3.43,8.34,31.46,24.31,6.48,38.98,0.612
Grain04,21,0.22,0.49,0.54,33.77,66.01,0.18,70.20,0.612
Grain04,22,0.53,0.98,1.11,29,61.82,0.46,65.32,0.612
Grain04,23,2.77,5.39,6.06,72.67,62.77,0.83,82.17,0.612
Grain04,24,4.21,3.43,5.43,20.59,39.17,3.94,43.46,0.612
Grain04,25,0.94,1.96,2.17,35.1,64.43,0.77,69.24,0.612
Grain04,26,1.42,3.43,3.71,84.77,67.59,0.13,88.00,0.612
Grain04,27,3.53,7.35,8.16,42.28,64.36,2.61,71.33,0.612
Grain04,28,1.48,2.94,3.29,79.96,63.27,0.26,85.50,0.612
Grain04,29,1.06,2.45,2.67,63.51,66.71,0.47,79.80,0.612
Grain04,30,1.73,1.96,2.61,66.41,48.6,0.69,74.62,0.612
Grain04,31,13.27,0.49,13.28,81.96,2.12,1.86,81.97,0.612
Grain04,32,0.64,0.49,0.8,64.73,37.63,0.27,70.03,0.612
Grain04,33,0.48,0.98,1.09,52.2,63.78,0.29,74.34,0.612
Grain04,34,5.01,2.94,5.81,44.92,30.44,3.55,52.37,0.612
Grain04,35,2.41,5.39,5.9,10.5,65.95,2.37,66.32,0.612
Grain04,36,4.07,2.45,4.75,38.77,31.06,3.17,48.08,0.612
Grain04,37,0.64,0.98,1.17,64.73,57.03,0.27,76.50,0.612
Grain04,38,2.81,2.45,3.73,1.77,41.05,2.81,41.15,0.612
Grain04,39,1.11,7.35,7.44,67.54,81.4,0.42,86.73,0.612
Grain04,40,0.73,0.49,0.88,86.61,33.76,0.04,87.19,0.612
Grain04,41,2.99,3.43,4.55,2.52,48.98,2.99,48.97,0.612
Grain04,42,2.07,2.45,3.21,26.49,49.86,1.85,54.75,0.612
Grain04,43,0.62,0.49,0.79,52.2,38.3,0.38,61.25,0.612
Grain04,44,1.81,0.49,1.87,44.38,15.19,1.29,46.23,0.612
Grain04b,1,1.77,1.47,2.3,58.35,39.75,0.93,66.18,0.621
Grain04b,2,1.3,0.98,1.63,5.79,36.99,1.29,37.49,0.621
Grain04b,3,0.62,0.98,1.16,25.64,57.82,0.56,61.19,0.621
Grain04b,4,4.55,2.45,5.17,37.8,28.3,3.60,45.94,0.621
Grain04b,5,0.97,1.47,1.76,41.88,56.64,0.72,65.77,0.621
Grain04b,6,0.68,0.98,1.19,28.24,55.28,0.60,59.77,0.621
Grain04b,7,3.31,7.35,8.06,53.39,65.75,1.97,75.82,0.621
Grain04b,8,3.98,4.41,5.94,61.17,47.94,1.92,71.15,0.621
Grain04b,9,1.04,1.96,2.22,41.61,62.13,0.78,69.50,0.621
Grain04b,10,11.22,2.45,11.49,80.81,12.32,1.79,81.03,0.621
Grain04b,11,0.44,0.49,0.66,33.77,48.33,0.37,56.35,0.621
Grain04b,12,1.99,2.45,3.16,66.24,50.92,0.80,75.30,0.621
Grain04b,13,2.84,1.96,3.45,11.86,34.64,2.78,36.33,0.621
Grain04b,14,3.73,4.9,6.16,18.36,52.73,3.54,54.92,0.621
Grain04b,15,2.58,7.84,8.26,67.73,71.81,0.98,83.20,0.621
Grain04b,16,1.73,2.45,3,33.22,54.79,1.45,61.16,0.621
Grain04b,17,7.28,3.43,8.04,69.23,25.25,2.58,71.27,0.621
Grain04b,18,5.06,2.45,5.63,28.08,25.83,4.46,37.54,0.621
Grain04b,19,0.98,2.45,2.64,88.51,68.2,0.03,89.45,0.621
Grain04b,20,0.37,0.98,1.05,30.4,69.25,0.32,72.31,0.621
Grain04b,21,1.42,1.47,2.04,80.82,46.1,0.23,83.62,0.621
Grain04b,22,0.34,0,0.34,0.93,0,0.34,0.93,0.621
Grain04b,23,3.01,2.45,3.88,53.74,39.13,1.78,62.69,0.621
Grain04b,24,3.6,5.88,6.9,43.29,58.51,2.62,67.68,0.621
Grain04b,25,2.75,3.92,4.79,63.79,55,1.21,75.31,0.621
Grain04b,26,4.21,2.45,4.87,53.14,30.22,2.53,58.76,0.621
Grain04b,27,1.1,1.47,1.84,37.8,53.11,0.87,61.81,0.621
Grain04b,28,2.51,4.41,5.08,16.87,60.36,2.40,61.78,0.621
Grain04b,29,2.26,5.39,5.85,89.77,67.24,0.01,89.91,0.621
Grain04b,30,2.86,2.94,4.1,46.12,45.82,1.98,61.08,0.621
Grain04b,31,3.74,5.39,6.56,14.7,55.26,3.62,56.53,0.621
Grain04b,32,0.42,0.49,0.65,42.74,49.44,0.31,61.67,0.621
Grain04b,33,11.63,4.41,12.44,84.85,20.77,1.04,85.19,0.621
Grain04b,34,0.83,0.98,1.28,79.43,49.73,0.15,83.17,0.621
Grain04b,35,5.97,9.31,11.06,27.14,57.36,5.31,61.29,0.621
Grain04b,36,3.61,2.94,4.66,7.2,39.18,3.58,39.77,0.621
Grain04b,37,0.1,0.49,0.5,82.8,78.75,0.01,88.56,0.621
Grain05,1,4.57,2.94,5.43,79.09,32.77,0.86,80.83,0.582
Grain05,2,4.56,4.9,6.69,61.56,47.07,2.17,71.06,0.582
Grain05,3,9.05,7.35,11.66,0.23,39.08,9.05,39.09,0.582
Grain05,4,5.31,1.96,5.66,63.05,20.28,2.41,64.84,0.582
Grain05,5,0.83,0.98,1.29,42.42,49.63,0.61,61.64,0.582
Grain05,6,1.14,1.47,1.86,32.01,52.28,0.97,58.69,0.582
Grain05,7,2.41,2.45,3.43,45.28,45.53,1.70,60.37,0.582
Grain05,8,6.83,2.94,7.44,51.94,23.3,4.21,55.53,0.582
Grain05,9,0.77,1.96,2.11,7.67,68.53,0.76,68.80,0.582
Grain05,10,7.82,7.84,11.08,81.15,45.07,1.20,83.77,0.582
Grain05,11,1.11,1.47,1.85,86.18,52.85,0.07,87.71,0.582
Grain05,12,0.78,1.47,1.66,27.02,62.05,0.69,65.25,0.582
Grain05,13,5.23,4.9,7.17,41.06,43.15,3.94,56.63,0.582
Grain05,14,5.86,4.41,7.34,65.84,36.97,2.40,70.93,0.582
Grain05,15,9.13,6.37,11.13,73.45,34.93,2.60,76.49,0.582
Grain05,16,8.04,1.96,8.27,52.49,13.71,4.90,53.70,0.582
Grain05,17,2.94,6.37,7.02,8.51,65.26,2.91,65.53,0.582
Grain05,18,0.28,1.47,1.5,3.94,79.05,0.28,79.27,0.582
Grain05,19,2.25,2.94,3.7,82.64,52.64,0.29,85.53,0.582
Grain05,20,5.76,6.37,8.59,11.79,47.9,5.64,48.97,0.582
Grain05,21,4.12,5.39,6.78,49.27,52.64,2.69,66.64,0.582
Grain05,22,7.5,4.41,8.7,8.82,30.48,7.41,31.58,0.582
Grain05,23,2,1.96,2.8,72.02,44.43,0.62,77.26,0.582
Grain05,24,3.24,2.45,4.06,17.98,37.09,3.08,40.62,0.582
Grain05,25,2.96,2.45,3.85,83.2,39.6,0.35,84.78,0.582
Grain05,26,1.66,0.49,1.73,1.05,16.47,1.66,16.39,0.582
Grain05,27,5.96,5.88,8.37,43.68,44.64,4.31,59.00,0.582
Grain05,28,0.93,0.49,1.05,24.01,27.84,0.85,35.99,0.582
Grain05,29,2.58,3.43,4.29,52.09,53.03,1.59,68.31,0.582
Grain05,30,5.74,2.45,6.24,31.18,23.13,4.91,38.09,0.582
Grain05,31,5.18,4.41,6.8,86.88,40.45,0.28,87.62,0.582
Grain05,32,9.85,4.9,11,34.99,26.46,8.07,42.81,0.582
Grain05,33,2.77,1.96,3.39,53.14,35.29,1.66,60.65,0.582
Grain05,34,6.06,7.35,9.53,79.88,50.52,1.06,83.58,0.582
Grain05,35,0.22,0.98,1,89.54,77.46,0.00,89.90,0.582
Grain05,36,8.71,5.88,10.51,67.94,34.02,3.27,71.87,0.582
Grain05,37,0.25,0.49,0.55,74.29,63.1,0.07,82.93,0.582
Grain05,38,1.76,1.96,2.64,77.4,48.05,0.38,81.64,0.582
Grain06,1,5.71,6.37,8.56,67.76,48.15,2.16,75.38,0.627
Grain06,2,10.3,5.88,11.86,20.39,29.73,9.65,35.51,0.627
Grain06,3,3.97,1.96,4.42,74.17,26.31,1.08,75.82,0.627
Grain06,4,2.01,1.47,2.49,40.17,36.21,1.54,51.91,0.627
Grain06,5,3.08,5.39,6.21,39.82,60.27,2.37,67.61,0.627
Grain06,6,4.07,1.96,4.52,27.14,25.7,3.62,36.75,0.627
Grain06,7,11.98,3.43,12.46,6.11,15.99,11.91,17.06,0.627
Grain06,8,11.41,1.47,11.5,13.4,7.34,11.10,15.17,0.627
Grain06,9,1.79,1.47,2.32,63.57,39.33,0.80,69.91,0.627
Grain06,10,3.98,2.45,4.67,74.74,31.62,1.05,77.04,0.627
Grain06,11,2.26,1.96,2.99,55.49,40.95,1.28,64.64,0.627
Grain06,12,1.3,1.47,1.96,56.23,48.49,0.72,68.37,0.627
Grain06,13,6.67,3.43,7.5,17.1,27.21,6.38,31.79,0.627
Grain06,14,3.82,3.92,5.47,48.97,45.76,2.51,62.71,0.627
Grain06,15,5.61,5.39,7.78,7.8,43.87,5.56,44.41,0.627
Grain06,16,4.45,7.35,8.59,84.48,58.82,0.43,87.14,0.627
Grain06,17,4.49,3.92,5.96,22.02,41.15,4.16,45.70,0.627
Grain06,18,2.71,5.39,6.04,31.53,63.3,2.31,67.52,0.627
Grain06,19,8.36,6.37,10.51,62.46,37.32,3.87,68.42,0.627
Grain06,20,1,1.47,1.78,81.72,55.67,0.14,85.36,0.627
Grain06,21,3.64,1.47,3.93,0.4,21.99,3.64,22.15,0.627
Grain06,22,2.29,4.9,5.41,17.32,64.93,2.19,66.17,0.627
Grain06,23,4.23,4.41,6.11,32.08,46.22,3.58,54.08,0.627
Grain06,24,1.68,1.47,2.23,14.77,41.23,1.62,43.24,0.627
Grain06,25,3.22,2.45,4.04,1.51,37.32,3.22,37.18,0.627
Grain06,26,2.33,2.45,3.38,31.61,46.4,1.98,54.05,0.627
Grain06,27,5.04,2.94,5.83,5.05,30.27,5.02,30.56,0.627
Grain06,28,0.41,0.49,0.64,65.77,49.83,0.17,74.76,0.627
Grain06,29,2.22,0.98,2.42,29.58,23.86,1.93,37.08,0.627
Grain06,30,5.14,1.96,5.5,9.45,20.89,5.07,22.80,0.627
Grain06,31,7.62,3.43,8.35,36.25,24.25,6.15,42.61,0.627
Grain06,32,2.34,3.43,4.16,66.84,55.67,0.92,77.22,0.627
Grain06,33,4.14,5.88,7.19,84.25,54.86,0.41,86.69,0.627
Grain06,34,5.35,7.84,9.49,35.57,55.71,4.35,62.71,0.627
Grain06,35,6.77,6.37,9.29,49.18,43.29,4.43,61.55,0.627
Grain06,36,7.74,3.92,8.68,87.21,26.86,0.38,87.51,0.627
Grain06,37,3.43,2.94,4.52,54.4,40.61,2.00,63.78,0.627
Grain06,38,7.27,2.94,7.84,20.39,22.03,6.81,29.63,0.627
Grain06,39,0.85,0.98,1.3,79.81,48.97,0.15,83.36,0.627
Grain06,40,0.28,0.49,0.57,79.81,59.88,0.05,85.01,0.627
Grain06,41,2.69,3.92,4.76,27.16,55.52,2.39,59.81,0.627
Grain06,42,1.67,1.47,2.22,89.78,41.42,0.01,89.83,0.627
Grain06,43,3.08,10.29,10.75,50.79,73.32,1.95,79.56,0.627
Grain07,1,3.67,6.37,7.35,1.15,60.09,3.67,60.05,0.560
Grain07,2,0.28,0,0.28,47.67,0,0.19,47.67,0.560
Grain07,3,2.65,2.45,3.61,17.77,42.72,2.52,45.65,0.560
Grain07,4,3.9,2.45,4.61,34.2,32.13,3.23,45.60,0.560
Grain07,5,0.71,1.47,1.63,76.72,64.22,0.16,84.26,0.560
Grain07,6,0.55,0.49,0.74,47.67,41.62,0.37,59.97,0.560
Grain07,7,3.72,3.92,5.4,82.82,46.52,0.46,85.06,0.560
Grain07,8,6.58,3.92,7.66,18.15,30.8,6.25,35.29,0.560
Grain07,9,1.54,1.96,2.49,15.77,51.81,1.48,53.47,0.560
Grain07,10,0.59,0.98,1.14,27.11,58.99,0.53,62.57,0.560
Grain07,11,0.96,1.47,1.76,77.92,56.91,0.20,83.45,0.560
Grain07,12,3.21,1.47,3.53,67.8,24.62,1.21,69.90,0.560
Grain07,13,0.81,0.49,0.94,67.65,31.26,0.31,70.87,0.560
Grain07,14,2.14,1.47,2.6,40.48,34.5,1.63,51.24,0.560
Grain07,15,4.7,4.9,6.79,52.49,46.24,2.86,65.07,0.560
Grain07,16,3.89,6.37,7.47,24.74,58.57,3.53,61.77,0.560
Grain07,17,0.64,0.98,1.17,82.93,57.03,0.08,86.14,0.560
Grain07,18,0.59,0.49,0.77,77.87,39.56,0.12,80.73,0.560
Grain07,19,1.05,1.47,1.81,65.53,54.46,0.43,76.10,0.560
Grain07,20,6.02,5.39,8.08,29.09,41.84,5.26,49.38,0.560
Grain07,21,2.59,0.98,2.77,88.41,20.77,0.07,88.51,0.560
Grain07,22,0.37,0.49,0.62,64.13,52.85,0.16,74.91,0.560
Grain07,23,0.92,0.98,1.34,55.33,46.81,0.52,67.01,0.560
Grain07,24,1.88,2.45,3.09,23.92,52.45,1.72,56.21,0.560
Grain07,25,1.45,0.98,1.75,42.33,34.09,1.07,52.23,0.560
Grain07,26,3.21,3.92,5.07,70.55,50.7,1.07,77.83,0.560
Grain07,27,3.08,1.47,3.42,21.1,25.49,2.87,32.84,0.560
Grain07,28,1.51,1.47,2.11,4.52,44.19,1.51,44.49,0.560
Grain07,29,4.46,6.86,8.18,8.32,56.98,4.41,57.35,0.560
Grain07,30,2.43,5.39,5.91,82.26,65.74,0.33,86.83,0.560
Grain07,31,1.6,1.96,2.53,40.24,50.79,1.22,61.13,0.560
Grain07,32,3.84,2.94,4.84,29.88,37.46,3.33,46.53,0.560
Grain07,33,2.19,4.41,4.93,23.52,63.58,2.01,65.96,0.560
Grain07,34,2.71,1.47,3.08,22.97,28.53,2.50,35.89,0.560
Grain08,1,1.72,2.94,3.41,64.78,59.62,0.73,77.59,0.592
Grain08,2,0.93,1.47,1.74,75.09,57.82,0.24,82.10,0.592
Grain08,3,1.03,2.45,2.66,64.78,67.11,0.44,80.50,0.592
Grain08,4,0.46,0.49,0.67,51.78,46.65,0.28,64.86,0.592
Grain08,5,6.42,2.45,6.87,28.53,20.91,5.64,34.81,0.592
Grain08,6,0.56,2.45,2.51,18.09,77.22,0.53,77.76,0.592
Grain08,7,1.45,0.49,1.53,14.38,18.68,1.40,23.36,0.592
Grain08,8,7.57,3.43,8.31,6.95,24.39,7.51,25.28,0.592
Grain08,9,2.83,3.43,4.45,13.05,50.5,2.76,51.72,0.592
Grain08,10,4.8,2.45,5.39,57.31,27.03,2.59,61.25,0.592
Grain08,11,0.94,0.98,1.36,42.32,46.26,0.70,59.27,0.592
Grain08,12,5.58,1.47,5.77,3.12,14.76,5.57,15.06,0.592
Grain08,13,0.65,0.49,0.81,43.66,36.99,0.47,54.51,0.592
Grain08,14,2.89,6.37,7,21.66,65.61,2.69,67.44,0.592
Grain08,15,3.52,10.29,10.88,36.53,71.14,2.83,74.93,0.592
Grain08,16,2.51,10.29,10.6,62.4,76.29,1.16,83.70,0.592
Grain08,17,0.59,0.49,0.77,66.11,39.56,0.24,71.92,0.592
Grain08,18,0.85,0.98,1.3,25.69,48.97,0.77,53.90,0.592
Grain08,19,2.5,2.94,3.86,17.99,49.65,2.38,51.98,0.592
Grain08,20,3.58,2.45,4.34,76.57,34.4,0.83,78.95,0.592
Grain08,21,8.02,2.45,8.39,19.99,16.99,7.54,26.06,0.592
Grain08,22,9.1,5.88,10.83,18.18,32.89,8.65,37.03,0.592
Grain08,23,10.01,5.88,11.61,29.71,30.44,8.69,41.51,0.592
Grain08,24,6.05,0.98,6.13,18.86,9.21,5.73,20.94,0.592
Grain08,25,7.21,1.96,7.47,6.16,15.22,7.17,16.34,0.592
Grain08,26,0.5,1.47,1.55,67.96,71.31,0.19,83.05,0.592
Grain08,27,1.86,2.94,3.48,13.77,57.64,1.81,58.73,0.592
Grain08,28,4.21,3.43,5.43,13.53,39.18,4.09,41.08,0.592
Grain08,29,4.97,5.88,7.7,17.4,49.8,4.74,51.98,0.592
Grain08,30,0.97,0.98,1.38,82.44,45.36,0.13,84.69,0.592
Grain08,31,0.1,1.47,1.47,56.65,86.2,0.05,87.86,0.592
Grain08,32,7.03,5.88,9.16,43,39.93,5.14,55.85,0.592
Grain08,33,0.22,0.98,1,6.78,77.46,0.22,77.38,0.592
Grain08,34,1.67,2.45,2.97,26.64,55.74,1.49,59.83,0.592
Grain08,35,4.7,4.41,6.44,9.12,43.22,4.64,43.90,0.592
Grain08,36,2.7,7.35,7.83,69.18,69.85,0.96,82.96,0.592
Grain08,37,6.44,4.41,7.81,88.66,34.41,0.15,88.90,0.592
Grain08,38,10.86,1.47,10.96,74.43,7.71,2.91,74.58,0.592
Grain08,39,0.34,0.49,0.6,78.35,54.87,0.07,83.43,0.592
Grain08,40,4.96,6.37,8.07,46.45,52.13,3.42,64.95,0.592
Grain08,41,0.2,1.96,1.97,33.35,84.32,0.17,85.14,0.592
Grain08,42,2.95,0,2.95,81.09,0,0.46,81.09,0.592
Grain09,1,4.06,1.47,4.32,56.84,19.91,2.22,59.07,0.623
Grain09,2,4.6,9.8,10.83,13.92,64.86,4.46,65.65,0.623
Grain09,3,2.78,2.45,3.71,8.05,41.4,2.75,42.10,0.623
Grain09,4,3.59,2.94,4.64,34.84,39.35,2.95,50.58,0.623
Grain09,5,0.65,0.98,1.18,17.51,56.28,0.62,58.31,0.623
Grain09,6,0.71,0.98,1.21,25,54.08,0.64,57.87,0.623
Grain09,7,7.54,3.43,8.28,3.27,24.47,7.53,24.61,0.623
Grain09,8,3.11,2.45,3.96,39.76,38.23,2.39,52.86,0.623
Grain09,9,10.58,3.43,11.12,46.08,17.97,7.34,48.70,0.623
Grain09,10,7.31,5.88,9.39,34.86,38.81,6.00,50.30,0.623
Grain09,11,0.76,0.98,1.24,48.86,52.15,0.50,66.22,0.623
Grain09,12,5.64,3.43,6.6,61.79,31.32,2.67,66.17,0.623
Grain09,13,2.08,0.98,2.3,41.65,25.24,1.55,47.49,0.623
Grain09,14,1.48,0.49,1.56,8.18,18.31,1.46,20.10,0.623
Grain09,15,3.06,2.94,4.25,18.22,43.84,2.91,46.85,0.623
Grain09,16,3.69,3.43,5.04,33.25,42.92,3.09,52.25,0.623
Grain09,17,3.34,2.45,4.14,6.2,36.3,3.32,36.67,0.623
Grain09,18,1.03,1.96,2.22,35.94,62.18,0.83,67.94,0.623
Grain09,19,0.59,0.49,0.76,80.94,39.95,0.09,82.98,0.623
Grain10,1,7.48,0.98,7.54,44.22,7.47,5.36,44.69,0.592
Grain10,2,0.83,0.49,0.96,31.36,30.64,0.71,42.41,0.592
Grain10,3,1.22,0.49,1.32,11.35,21.89,1.20,25.02,0.592
Grain10,4,8.53,3.92,9.39,19.55,24.69,8.04,31.12,0.592
Grain10,5,1.33,0.49,1.41,67.61,20.28,0.51,68.94,0.592
Grain10,6,0.57,0.49,0.75,44.6,40.76,0.41,57.24,0.592
Grain10,7,0.21,0,0.21,31.36,0,0.18,31.36,0.592
Grain10,8,1.54,0.98,1.83,32.07,32.44,1.30,44.51,0.592
Grain10,9,5.66,3.43,6.62,14.63,31.23,5.48,34.18,0.592
Grain10,10,3.47,5.39,6.41,37.07,57.27,2.77,64.41,0.592
Grain10,11,1.98,1.96,2.78,33.86,44.79,1.64,53.74,0.592
Grain10,12,1.46,2.94,3.28,50.65,63.58,0.93,73.61,0.592
Grain10,13,6.34,2.94,6.99,16.87,24.88,6.07,29.78,0.592
Grain10,14,2.83,3.92,4.84,34.15,54.17,2.34,61.06,0.592
Grain10,15,5.56,8.33,10.02,11.8,56.27,5.44,57.10,0.592
Grain10,16,1.59,0.49,1.67,63.61,17.11,0.71,64.96,0.592
Grain10,17,0.15,0,0.15,4.8,0,0.15,4.80,0.592
Grain10,18,0.22,0,0.22,40.2,0,0.17,40.20,0.592
Grain10,19,0.28,0.49,0.57,72.68,59.88,0.08,81.59,0.592
Grain10,20,0.28,0.49,0.56,58.64,60.63,0.15,74.92,0.592
Grain10,21,8.88,3.43,9.52,11.38,21.13,8.71,23.87,0.592
Grain10,22,9.45,8.33,12.6,31.78,41.41,8.03,50.39,0.592
Grain10,23,1.81,0,1.81,13.62,0,1.76,13.62,0.592
Grain10,24,0.44,0.49,0.66,70.02,47.98,0.15,76.83,0.592
Grain10,25,1.9,0.49,1.96,15.11,14.45,1.83,20.63,0.592
Grain10,26,7.16,1.47,7.31,4.63,11.61,7.14,12.50,0.592
Grain10,27,7.61,0,7.61,19.9,0,7.16,19.90,0.592
Grain10,28,0.46,0,0.46,57.93,0,0.24,57.93,0.592
Grain10,29,3.61,2.45,4.37,54.99,34.15,2.07,61.71,0.592
Grain10,30,5.83,3.43,6.76,79.43,30.48,1.07,80.90,0.592
Grain10,31,4.53,9.8,10.8,6.21,65.22,4.50,65.36,0.592
Grain10,32,7.48,3.43,8.23,40.91,24.63,5.65,46.62,0.592
Grain10,33,3.74,1.96,4.22,21.13,27.67,3.49,34.24,0.592
Grain10,34,2.14,0.98,2.36,64.54,24.59,0.92,67.06,0.592
Grain10,35,3.25,0.49,3.28,46.37,8.58,2.24,46.87,0.592
Grain10,36,2.84,0.98,3,80.31,19.07,0.48,80.83,0.592
Grain10,37,3.43,0.49,3.46,8.74,8.14,3.39,11.53,0.592
Grain10,38,4.75,2.94,5.58,4.18,31.78,4.74,31.90,0.592
Grain10,39,0.79,0,0.79,46.62,0,0.54,46.62,0.592
Grain10,40,1.51,0,1.51,55.59,0,0.85,55.59,0.592
Grain10,41,0.64,0,0.64,71.96,0,0.20,71.96,0.592
Grain10,42,6.82,2.94,7.42,4.28,23.34,6.80,23.57,0.592
Grain10,43,0.15,0.98,0.99,85.2,81.06,0.01,89.27,0.592
Grain10,44,0.21,0,0.21,31.36,0,0.18,31.36,0.592
Grain10,45,1.57,0,1.57,46.62,0,1.08,46.62,0.592
Grain10,46,2.34,2.94,3.76,16.02,51.46,2.25,53.26,0.592
Grain10,47,1.72,1.96,2.61,58.64,48.67,0.90,69.94,0.592
Grain10,48,2.32,2.94,3.75,54.11,51.75,1.36,68.74,0.592
Grain10,49,4.35,8.33,9.4,32.27,62.46,3.68,66.97,0.592
Grain10,50,8.4,7.35,11.16,63.62,41.19,3.73,70.46,0.592
Grain10,51,2.26,0.49,2.31,43.7,12.24,1.63,44.98,0.592
Grain10,52,4.36,7.84,8.97,69.59,60.95,1.52,80.24,0.592
Grain10,53,0.37,0.49,0.62,53.16,52.85,0.22,69.03,0.592
Grain11,1,7.29,2.94,7.86,30.75,21.97,6.27,37.15,0.587
Grain11,2,4.7,3.92,6.12,1.8,39.83,4.70,39.86,0.587
Grain11,3,2.38,0.98,2.58,34.24,22.38,1.97,40.31,0.587
Grain11,4,3.03,6.37,7.06,5.84,64.58,3.01,64.73,0.587
Grain11,5,2.9,3.92,4.88,64.41,53.54,1.25,75.13,0.587
Grain11,6,3.53,1.96,4.04,48.75,29.02,2.33,54.82,0.587
Grain11,7,8.25,4.41,9.36,42.64,28.13,6.07,49.58,0.587
Grain11,8,3.44,5.39,6.39,55.36,57.49,1.96,72.18,0.587
Grain11,9,5.34,5.88,7.94,79.99,47.78,0.93,83.29,0.587
Grain11,10,7.45,2.45,7.85,25.82,18.21,6.71,31.32,0.587
Grain11,11,1.67,0.49,1.74,41.33,16.39,1.25,43.89,0.587
Grain11,12,0.92,2.45,2.62,37.22,69.42,0.73,73.76,0.587
Grain11,13,1.72,0.49,1.79,28.9,15.87,1.51,32.73,0.587
Grain11,14,4.7,0.49,4.73,38.67,5.95,3.67,39.12,0.587
Grain11,15,3.11,4.9,5.81,52.97,57.59,1.87,71.19,0.587
Grain11,16,1.42,0.98,1.72,22.75,34.71,1.31,40.42,0.587
Grain11,17,0.49,0.49,0.69,57.64,45.14,0.26,67.66,0.587
Grain11,18,1.56,0.49,1.64,20.77,17.44,1.46,27.20,0.587
Grain11,19,1.37,0.98,1.68,16.69,35.6,1.31,38.64,0.587
Grain11,20,8.98,2.45,9.31,2.59,15.27,8.97,15.51,0.587
Grain11,21,2.03,0.49,2.09,47.95,13.58,1.36,49.42,0.587
Grain11,22,0.25,0.49,0.55,80.54,63.1,0.04,85.72,0.587
Grain11,23,0.68,0.98,1.19,48.19,55.28,0.45,67.61,0.587
Grain11,24,3.15,2.94,4.31,47.43,43.02,2.13,60.37,0.587
Grain11,25,5.74,5.88,8.22,61.64,45.7,2.73,70.63,0.587
Grain11,26,2.22,4.41,4.94,1.54,63.28,2.22,63.31,0.587
Grain11,27,6.08,9.31,11.12,20.33,56.85,5.70,59.16,0.587
Grain11,28,1.2,0.98,1.55,47.86,39.14,0.81,58.71,0.587
Grain11,29,4.63,2.94,5.48,6.87,32.45,4.60,32.98,0.587
Grain11,30,0.97,0.49,1.09,61.69,26.85,0.46,65.04,0.587
Grain11,31,0.28,2.45,2.47,10.19,83.38,0.28,83.59,0.587
Grain11b,1,0.9,0.49,1.02,33.3,28.59,0.75,42.48,0.643
Grain11b,2,0.07,0.98,0.98,24.23,85.98,0.06,86.27,0.643
Grain11b,3,0.79,1.47,1.67,27.9,61.86,0.70,65.29,0.643
Grain11b,4,4.66,2.45,5.27,62.62,27.72,2.14,66.00,0.643
Grain11b,5,5.94,7.84,9.84,33.58,52.85,4.95,59.81,0.643
Grain11b,6,3.27,4.41,5.49,84.21,53.44,0.33,86.56,0.643
Grain11b,7,5.47,3.43,6.46,17.71,32.1,5.21,36.23,0.643
Grain11b,8,0.41,0.49,0.64,24.23,49.83,0.37,54.25,0.643
Grain11b,9,0.8,0.49,0.94,55.19,31.36,0.46,60.93,0.643
Grain11b,10,6.22,2.94,6.88,15.82,25.32,5.98,29.56,0.643
Grain11b,11,0.62,1.47,1.6,65.77,67.11,0.25,80.85,0.643
Grain11b,12,3.73,3.43,5.07,43.67,42.61,2.70,57.85,0.643
Grain11b,13,3.6,1.96,4.1,36.4,28.58,2.90,45.03,0.643
Grain11b,14,4.09,2.45,4.77,18.42,30.93,3.88,35.56,0.643
Grain11b,15,0.31,0.49,0.58,87.66,57.82,0.01,88.75,0.643
Grain11b,16,2.34,3.92,4.57,69.23,59.16,0.83,79.54,0.643
Grain11b,17,2.09,0.49,2.14,80.01,13.23,0.36,80.25,0.643
Grain11b,18,0.77,0.98,1.25,76.08,51.81,0.19,81.48,0.643
Grain11b,19,1.29,0.49,1.38,81.3,20.83,0.20,81.87,0.643
Grain11b,20,2.01,1.47,2.49,2.34,36.26,2.01,36.24,0.643
Grain11b,21,6.41,2.45,6.86,74.03,20.92,1.76,75.10,0.643
Grain11b,22,1.75,0.98,2,15.14,29.31,1.69,32.37,0.643
Grain11b,23,3.12,3.43,4.64,71.02,47.69,1.01,77.37,0.643
Grain11b,24,2.55,1.96,3.22,22.68,37.52,2.35,43.06,0.643
Grain11b,25,9.92,3.92,10.67,10.96,21.57,9.74,24.11,0.643
Grain11b,26,6,7.84,9.87,57.18,52.59,3.25,70.76,0.643
Grain11b,27,2.64,5.88,6.45,58.28,65.8,1.39,77.57,0.643
Grain11b,28,0.64,0,0.64,16.37,0,0.61,16.37,0.643
Grain11b,29,5.07,10.29,11.48,34.67,63.76,4.17,68.70,0.643
Grain11b,30,3.68,0.98,3.81,35.36,14.92,3.00,38.03,0.643
Grain11b,31,1.86,0.98,2.11,26.35,27.75,1.67,37.82,0.643
Grain12,1,1.57,2.45,2.91,30.89,57.31,1.35,62.42,0.657
Grain12,2,5,5.39,7.35,19.23,47.18,4.72,50.04,0.657
Grain12,3,0.54,0.98,1.12,57.18,61.21,0.29,74.85,0.657
Grain12,4,4.91,2.45,5.49,24.14,26.53,4.48,35.30,0.657
Grain12,5,9.33,5.88,11.03,54.68,32.24,5.39,60.72,0.657
Grain12,6,0.98,0.49,1.09,38.02,26.68,0.77,44.90,0.657
Grain12,7,7.73,5.88,9.71,82,37.28,1.08,83.64,0.657
Grain12,8,7.8,7.35,10.72,8,43.33,7.72,43.90,0.657
Grain12,9,2.01,1.96,2.81,81.04,44.31,0.31,83.60,0.657
Grain12,10,6.15,3.92,7.29,36.2,32.53,4.96,47.10,0.657
Grain12,11,0.59,0.98,1.14,76.43,58.99,0.14,83.03,0.657
Grain12,12,3.28,0,3.28,88.51,0,0.09,88.51,0.657
Grain12,13,1.31,0.98,1.64,86.03,36.76,0.09,86.83,0.657
Grain12,14,7.19,2.45,7.59,14.41,18.83,6.96,23.44,0.657
Grain12,15,0.49,0,0.49,88.85,0,0.01,88.85,0.657
Grain12,16,2,4.9,5.29,50.58,67.8,1.27,76.11,0.657
Grain12,17,1.37,1.96,2.39,79.46,54.97,0.25,83.98,0.657
Grain12,18,4.57,4.9,6.7,85.67,46.99,0.35,87.05,0.657
Grain12,19,10.82,4.41,11.69,52.37,22.18,6.61,55.59,0.657
Grain12,20,6.84,4.9,8.42,21.58,35.62,6.36,40.94,0.657
Grain12,21,1.49,7.35,7.5,40.67,78.53,1.13,81.33,0.657
Grain13,1,0.62,0,0.62,71.28,0,0.20,71.28,0.533
Grain13,2,2.09,0.49,2.15,64.92,13.17,0.89,65.67,0.533
Grain13,3,0.84,0.98,1.29,88.38,49.44,0.02,88.95,0.533
Grain13,4,0.31,0.98,1.03,18.72,72.53,0.29,73.44,0.533
Grain13,5,1.86,5.88,6.17,84.28,72.42,0.19,88.28,0.533
Grain13,6,5.92,2.94,6.61,28.63,26.43,5.20,38.18,0.533
Grain13,7,1.99,0.49,2.05,25.85,13.84,1.79,29.12,0.533
Grain13,8,0.98,3.43,3.57,74.03,74.13,0.27,85.67,0.533
Grain13,9,6.63,7.84,10.27,52,49.77,4.08,66.58,0.533
Grain13,10,9.48,5.88,11.16,30.36,31.82,8.18,42.86,0.533
Grain13,11,10.76,6.37,12.5,20.81,30.64,10.06,36.42,0.533
Grain13,12,4.82,8.33,9.63,73.1,59.96,1.40,81.63,0.533
Grain13,13,3.33,3.92,5.14,41.86,49.67,2.48,61.15,0.533
Grain13,14,1.42,0.49,1.5,31.25,19.02,1.21,35.97,0.533
Grain13,15,4.06,4.41,6,1.94,47.38,4.06,47.45,0.533
Grain13,16,3.18,4.41,5.44,4.69,54.22,3.17,54.37,0.533
Grain13,17,1.57,0.98,1.85,45.72,31.94,1.10,53.67,0.533
Grain13,18,2.25,0.98,2.45,55.33,23.58,1.28,58.51,0.533
Grain13,19,3.6,3.43,4.97,85.67,43.64,0.27,86.87,0.533
Grain13,20,8.54,0,8.54,72.39,0,2.58,72.39,0.533
Grain13,21,5.76,7.35,9.34,26.71,51.93,5.15,56.57,0.533
Grain13,22,8.17,8.82,12.03,19.53,47.2,7.70,50.20,0.533
Grain13,23,0.7,0.49,0.86,70.85,34.87,0.23,74.51,0.533
Grain13,24,7.56,7.84,10.89,71.28,46.06,2.43,77.13,0.533
Grain13,25,9.62,5.88,11.27,28.7,31.46,8.44,41.52,0.533
Grain13,26,4.4,0.98,4.51,33.34,12.56,3.68,35.41,0.533
Grain13,27,0.94,0.49,1.06,65.05,27.59,0.40,68.03,0.533
Grain13,28,7.71,3.92,8.65,62.31,26.95,3.58,65.53,0.533
Grain13,29,6.87,5.88,9.04,14.18,40.57,6.66,42.54,0.533
Grain13,30,8.97,2.94,9.44,25.3,18.16,8.11,30.79,0.533
Grain13,31,2.95,0.49,2.99,61.6,9.44,1.40,62.01,0.533
Grain13,32,2.83,0.98,3,54.82,19.1,1.63,57.08,0.533
Grain14,1,3.53,2.45,4.3,12.73,34.75,3.44,36.80,0.581
Grain14,2,4.69,3.92,6.11,55.72,39.9,2.64,64.38,0.581
Grain14,3,1.99,0.98,2.21,58.94,26.27,1.03,62.32,0.581
Grain14,4,6.76,3.92,7.81,52.79,30.12,4.09,58.44,0.581
Grain14,5,9.83,7.84,12.58,71.3,38.57,3.15,75.49,0.581
Grain14,6,4.06,5.39,6.75,3.3,53.04,4.05,53.10,0.581
Grain14,7,2.55,1.96,3.22,0.2,37.52,2.55,37.63,0.581
Grain14,8,0.79,0.98,1.26,53.87,51.26,0.47,68.30,0.581
Grain14,9,5.22,4.41,6.83,9.34,40.21,5.15,41.05,0.581
Grain14,10,2.59,0.98,2.77,10,20.71,2.55,22.95,0.581
Grain14,11,1.48,0.98,1.77,88.79,33.59,0.03,88.99,0.581
Grain14,12,3.24,2.94,4.38,41.05,42.19,2.44,56.09,0.581
Grain14,13,1.17,0.49,1.27,10.54,22.69,1.15,25.08,0.581
Grain14,14,0.22,0.49,0.54,20.18,66.01,0.21,67.52,0.581
Grain14,15,1.12,0.98,1.49,49.23,41.12,0.73,60.60,0.581
Grain14,16,0.37,1.96,2,73.19,79.27,0.11,86.93,0.581
Grain14,17,7.79,6.37,10.06,85.92,39.3,0.55,86.84,0.581
Grain14,18,6.06,3.43,6.96,26.79,29.52,5.41,38.99,0.581
Grain14,19,3.46,1.47,3.76,22.78,23.04,3.19,31.96,0.581
Grain14,20,4.85,1.47,5.07,11.58,16.87,4.75,20.42,0.581
Grain14,21,5.45,1.47,5.64,39.34,15.1,4.22,41.64,0.581
Grain14,22,0.83,0.49,0.97,14.17,30.46,0.80,33.94,0.581
Grain14,23,2.11,3.43,4.03,62.7,58.41,0.97,76.11,0.581
Grain14,24,2.3,7.35,7.7,71.35,72.66,0.74,84.52,0.581
Grain14,25,2.9,1.96,3.5,39,34.11,2.25,49.92,0.581
Grain14,26,8.85,6.37,10.9,30.55,35.76,7.62,45.64,0.581
Grain14,27,1.55,0.98,1.83,59.47,32.31,0.79,64.52,0.581
Grain14,28,3.67,1.47,3.95,22.22,21.85,3.40,30.67,0.581
Grain14,29,1.56,4.41,4.68,6.39,70.52,1.55,70.65,0.581
Grain14,30,6.97,3.92,8,36.91,29.36,5.57,45.84,0.581
Grain15,1,3.06,1.47,3.4,41.41,25.66,2.29,47.55,0.572
Grain15,2,0.81,0.49,0.94,51.12,31.26,0.51,57.26,0.572
Grain15,3,1.88,1.96,2.72,85.14,46.14,0.16,86.64,0.572
Grain15,4,6.05,2.45,6.53,62.05,22.05,2.84,64.26,0.572
Grain15,5,2.5,2.45,3.5,12.55,44.45,2.44,45.80,0.572
Grain15,6,0.2,1.47,1.48,63.89,82.44,0.09,86.59,0.572
Grain15,7,4.93,3.43,6,25.54,34.86,4.45,42.15,0.572
Grain15,8,6.93,4.41,8.21,57.02,32.49,3.77,62.65,0.572
Grain15,9,0.84,1.47,1.69,53.89,60.21,0.50,72.97,0.572
Grain15,10,5.49,10.29,11.67,51.59,61.92,3.41,73.01,0.572
Grain15,11,4.88,1.47,5.1,61.6,16.77,2.32,62.93,0.572
Grain15,12,0.5,0.98,1.1,87.05,62.88,0.03,88.66,0.572
Grain15,13,1.34,1.47,1.99,59.22,47.68,0.69,69.84,0.572
Grain15,14,3,1.96,3.58,85.87,33.19,0.22,86.54,0.572
Grain15,15,4.89,3.43,5.98,87.39,35.04,0.22,87.87,0.572
Grain15,16,1.64,0,1.64,4.27,0,1.64,4.27,0.572
Grain15,17,5.65,3.43,6.61,62.68,31.28,2.59,66.90,0.572
Grain15,18,7.53,5.39,9.26,10.47,35.6,7.40,36.90,0.572
Grain15,19,1.42,1.47,2.05,85.14,45.96,0.12,86.64,0.572
Grain15,20,0.21,0.98,1,18.89,78.08,0.20,78.54,0.572
Grain15,21,2.26,0.49,2.31,77.63,12.24,0.48,77.90,0.572
Grain15,22,5.19,1.96,5.55,54.7,20.7,3.00,57.29,0.572
Grain15,23,6.74,7.84,10.34,86,49.33,0.47,87.39,0.572
Grain15,24,2.79,1.47,3.16,14.01,27.77,2.71,31.06,0.572
Grain15,25,4.23,2.94,5.15,14.8,34.82,4.09,37.43,0.572
Grain15,26,2.15,1.96,2.91,76.63,42.39,0.50,80.16,0.572
Grain15,27,1.07,0.49,1.18,26.11,24.55,0.96,35.49,0.572
Grain15,28,9.9,5.88,11.52,26.39,30.71,8.87,39.66,0.572
Grain15,29,10.53,6.86,12.57,31.16,33.1,9.01,44.21,0.572
Grain15,30,6.12,6.86,9.2,3.63,48.26,6.11,48.40,0.572
Grain15,31,3.21,9.8,10.32,89.93,71.89,0.00,89.98,0.572
Grain15,32,3.45,3.92,5.22,16.6,48.65,3.31,50.70,0.572
Grain15,33,4.43,3.43,5.6,37.05,37.77,3.54,50.85,0.572
Grain15,34,3.87,3.92,5.51,30.2,45.39,3.34,52.62,0.572
Grain15,35,3.59,9.31,9.98,41.51,68.94,2.69,74.37,0.572
Grain15,36,10.69,0.98,10.73,10.48,5.24,10.51,11.58,0.572
Grain15,37,1.46,0.49,1.54,62.98,18.52,0.66,64.49,0.572
Grain15,38,0.9,0.98,1.33,14.49,47.47,0.87,49.07,0.572
Grain15,39,2,2.45,3.16,27.5,50.78,1.77,55.85,0.572
Grain15,40,6.47,1.47,6.63,52.58,12.81,3.93,53.63,0.572
Grain15,41,0.07,1.47,1.47,18.89,87.31,0.07,87.42,0.572
Grain15,42,5.57,7.35,9.23,40.69,52.85,4.22,62.77,0.572
Grain15,43,1.14,0.98,1.5,57.07,40.76,0.62,65.60,0.572
Grain15,44,0.14,0.49,0.51,71.11,74.28,0.05,84.90,0.572
Grain15,45,0.48,0.49,0.69,71.11,45.43,0.16,76.98,0.572
Grain15,46,5.19,0.98,5.28,0.5,10.69,5.19,10.61,0.572
Grain15,47,8.42,2.94,8.92,52.19,19.26,5.16,54.64,0.572
Grain15,48,1.32,1.47,1.97,77.12,48.14,0.29,81.41,0.572
Grain15,49,1.6,1.96,2.53,78.54,50.79,0.32,82.78,0.572
Grain15,50,0.44,0.49,0.66,89.54,48.33,0.00,89.69,0.572
Grain15,51,0.46,0,0.46,82.33,0,0.06,82.33,0.572
Grain15,52,0.59,0,0.59,35.57,0,0.48,35.57,0.572
Grain15,53,0.25,0.49,0.55,52.58,63.1,0.15,73.97,0.572
Grain15,54,1.45,0.49,1.53,16.17,18.68,1.39,24.46,0.572
Grain15,55,2.63,2.94,3.94,42.09,48.23,1.95,60.31,0.572
Grain16,1,2.91,0.49,2.95,67.99,9.56,1.09,68.30,0.597
Grain16,2,4.92,5.88,7.67,48.45,50.11,3.26,64.82,0.597
Grain16,3,10.9,4.9,11.95,55.47,24.21,6.18,58.87,0.597
Grain16,4,11.48,3.43,11.98,24.01,16.65,10.49,28.91,0.597
Grain16,5,3.5,1.47,3.79,36.33,22.81,2.82,41.93,0.597
Grain16,6,0.21,0,0.21,75.68,0,0.05,75.68,0.597
Grain16,7,5.22,0.98,5.31,14.96,10.64,5.04,18.24,0.597
Grain16,8,1.91,1.96,2.74,88.21,45.78,0.06,88.75,0.597
Grain16,9,0.69,0.98,1.2,81.39,54.74,0.10,85.06,0.597
Grain16,10,5.86,2.45,6.35,29.34,22.71,5.11,36.44,0.597
Grain16,11,4.44,0.49,4.47,81.93,6.3,0.62,81.98,0.597
Grain16,12,6,4.41,7.45,33.01,36.31,5.03,47.52,0.597
Grain16,13,4.67,1.47,4.89,62.88,17.48,2.13,64.19,0.597
Grain16,14,0.76,0.98,1.24,80.88,52.15,0.12,84.43,0.597
Grain16,15,0.2,0.49,0.53,59.32,68.3,0.10,78.90,0.597
Grain16,16,0.73,0.49,0.88,63.13,33.76,0.33,67.98,0.597
Grain16,17,2.01,1.47,2.49,82.15,36.18,0.27,83.67,0.597
Grain16,18,1.77,0.49,1.84,62.19,15.45,0.83,63.33,0.597
Grain16,19,0.59,0.49,0.77,49.85,39.56,0.38,60.39,0.597
Grain17,1,4.37,2.45,5.01,85.49,29.31,0.34,86.07,0.636
Grain17,2,0.68,1.96,2.08,80.94,70.8,0.11,87.05,0.636
Grain17,3,0.62,3.92,3.97,62.51,81.06,0.29,85.87,0.636
Grain17,4,1.34,4.9,5.08,1.43,74.72,1.34,74.71,0.636
Grain17,5,2.49,1.96,3.17,34.62,38.25,2.05,49.73,0.636
Grain17,6,0.94,0.49,1.06,0.09,27.59,0.94,27.53,0.636
Grain17,7,1.21,1.96,2.3,85.02,58.39,0.11,87.38,0.636
Grain17,8,0.9,1.96,2.16,31.54,65.36,0.77,69.20,0.636
Grain17,9,0.62,1.96,2.06,54.06,72.43,0.36,79.83,0.636
Grain17,10,6.57,4.9,8.2,53.04,36.74,3.95,61.20,0.636
Grain17,11,2.93,2.94,4.15,19.62,45.14,2.76,48.32,0.636
Grain17,12,4.13,7.35,8.44,81.91,60.65,0.58,86.05,0.636
Grain17,13,2.93,2.45,3.82,88.5,39.94,0.08,88.85,0.636
Grain17,14,5.9,6.37,8.68,41.99,47.23,4.39,59.65,0.636
Grain17,15,2.97,3.43,4.54,5.21,49.13,2.96,49.35,0.636
Grain17,16,6.72,4.9,8.32,15.31,36.1,6.48,38.83,0.636
Grain17,17,1.27,1.96,2.34,4.66,57.03,1.27,57.25,0.636
Grain17,18,4.68,2.45,5.29,49.57,27.62,3.04,54.99,0.636
Grain17,19,2.81,5.39,6.08,71.16,62.44,0.91,81.42,0.636
Grain17,20,1.76,1.96,2.63,12.24,48.11,1.72,49.16,0.636
Grain17,21,4.91,10.29,11.4,34.35,64.5,4.05,69.17,0.636
Grain17,22,7.79,6.37,10.07,0.42,39.27,7.79,39.32,0.636
Grain17,23,0.25,1.47,1.49,87.75,80.4,0.01,89.62,0.636
Grain17,24,2.2,1.96,2.95,5.24,41.71,2.19,42.04,0.636
Grain17,25,1.92,3.43,3.93,73.64,60.8,0.54,82.09,0.636
Grain17,26,2.93,1.96,3.52,9.06,33.82,2.89,34.71,0.636
Grain17,27,6.02,3.43,6.93,74.15,29.67,1.64,76.28,0.636
Grain17,28,5.07,3.43,6.12,42.29,34.07,3.75,52.21,0.636
Grain17,29,1.2,1.47,1.9,12.31,50.68,1.17,51.90,0.636
Grain17,30,2.4,4.41,5.02,86.77,61.43,0.14,88.46,0.636
Grain17,31,0.34,1.96,1.99,0.93,80.02,0.34,80.16,0.636
Grain17,32,4.19,2.94,5.12,89.64,35.04,0.03,89.71,0.636
Grain17,33,2.99,1.96,3.57,35.2,33.27,2.44,46.81,0.636
Grain17,34,3.17,0.49,3.21,8.18,8.79,3.14,12.18,0.636
Grain17,35,3.12,3.43,4.64,10.85,47.69,3.06,48.67,0.636
Grain17,36,0.29,0.98,1.02,9.06,73.38,0.29,73.69,0.636
Grain17,37,1.7,0.98,1.96,9.38,30.02,1.68,31.16,0.636
Grain17,38,8.93,5.39,10.43,19.33,31.14,8.43,36.11,0.636
Grain17,39,9.93,7.84,12.66,29.16,38.29,8.67,46.77,0.636
Grain17,40,6.21,7.84,10,37.85,51.62,4.90,60.64,0.636
Grain18,1,0.28,1.96,1.98,79.2,81.99,0.05,88.48,0.657
Grain18,2,1.52,2.45,2.89,84.4,58.13,0.15,87.06,0.657
Grain18,3,1.44,2.45,2.84,5.9,59.56,1.43,59.71,0.657
Grain18,4,0.28,0.98,1.02,86.76,73.82,0.02,89.11,0.657
Grain18,5,8.06,3.43,8.76,72.32,23.06,2.45,73.77,0.657
Grain18,6,1.74,2.45,3.01,7.64,54.55,1.72,55.04,0.657
Grain18,7,0.44,0.49,0.66,29.23,48.33,0.38,54.42,0.657
Grain18,8,9.67,3.43,10.26,71.31,19.54,3.10,72.42,0.657
Grain18,9,1.44,3.92,4.18,27.5,69.83,1.28,72.21,0.657
Grain18,10,1.12,4.9,5.03,89.82,77.1,0.00,89.96,0.657
Grain18,11,4.21,1.96,4.65,39.52,24.96,3.25,45.70,0.657
Grain18,12,1.72,1.96,2.61,63.93,48.67,0.76,73.17,0.657
Grain18,13,2.31,5.88,6.32,74.23,68.53,0.63,84.30,0.657
Grain18,14,2.77,8.33,8.78,60.32,71.61,1.37,81.01,0.657
Grain18,15,0.9,0.98,1.33,21.67,47.47,0.84,51.03,0.657
Grain18,16,10.1,4.9,11.23,3.43,25.88,10.08,26.13,0.657
Grain18,17,4.23,5.39,6.85,16.42,51.9,4.06,53.68,0.657
Grain18,18,3.16,2.45,4,31.21,37.76,2.70,47.49,0.657
Grain18,19,1.36,1.47,2,41.26,47.23,1.02,59.26,0.657
Grain18,20,3.28,2.45,4.09,78.55,36.78,0.65,80.84,0.657
Grain18,21,0.28,2.94,2.95,24.83,84.48,0.25,85.06,0.657
Grain18,22,2.18,1.96,2.93,7.64,41.95,2.16,42.49,0.657
Grain18,23,1.98,4.9,5.28,13.98,68.05,1.92,68.66,0.657
Grain18,24,5.36,3.92,6.64,42.65,36.19,3.94,53.58,0.657
Grain18,25,7.33,2.45,7.73,20.35,18.48,6.87,27.24,0.657
Grain18,26,2.96,1.47,3.31,38.56,26.4,2.31,45.63,0.657
Grain18,27,8.6,3.92,9.46,88.77,24.5,0.18,88.88,0.657
Grain18,28,0.8,1.47,1.68,41.76,61.32,0.60,69.19,0.657
Grain18,29,3.77,1.96,4.25,7.31,27.46,3.74,28.38,0.657
Grain18,30,6.06,4.41,7.5,8.46,36.04,5.99,36.95,0.657
Grain18,31,1.05,2.45,2.67,12.4,66.8,1.03,67.41,0.657
Grain18,32,1.82,1.47,2.34,63.49,38.92,0.81,69.69,0.657
Grain18,33,1.78,1.47,2.31,24.74,39.56,1.62,45.59,0.657
Grain18,34,1.17,2.45,2.72,51.03,64.39,0.74,74.30,0.657
Grain18,35,5.39,1.47,5.58,88.79,15.27,0.11,88.83,0.657
Grain18,36,2.57,4.9,5.53,48.5,62.36,1.70,72.06,0.657
Grain18,37,3.32,4.9,5.92,83.87,55.92,0.35,86.57,0.657
Grain18,38,1.25,0.98,1.59,4.46,38.12,1.25,38.39,0.657
Grain18,39,4.75,1.96,5.14,39.5,22.42,3.67,44.51,0.657
Grain18,40,4.96,8.82,10.12,27.99,60.68,4.38,64.36,0.657
Grain18,41,2.81,2.45,3.73,27.9,41.05,2.48,48.26,0.657
Grain18,42,1.82,1.96,2.68,35.42,47.12,1.48,56.40,0.657
Grain19,1,3.27,3.43,4.74,60.85,46.38,1.59,70.36,0.589
Grain19,2,0.59,2.45,2.52,2.33,76.39,0.59,76.47,0.589
Grain19,3,0.49,2.94,2.98,78.21,80.58,0.10,88.07,0.589
Grain19,4,0.37,0.98,1.05,11.41,69.25,0.36,69.79,0.589
Grain19,5,3.03,2.45,3.9,45.03,38.97,2.14,56.70,0.589
Grain19,6,1.74,1.96,2.62,40.05,48.47,1.33,59.44,0.589
Grain19,7,8.38,8.33,11.82,55.97,44.85,4.69,66.62,0.589
Grain19,8,1.9,1.47,2.4,13.26,37.7,1.85,39.60,0.589
Grain19,9,2.47,3.43,4.23,6.64,54.28,2.45,54.55,0.589
Grain19,10,3.91,3.43,5.2,7.5,41.25,3.88,41.80,0.589
Grain19,11,0.2,0.98,1,78.21,78.75,0.04,87.66,0.589
Grain19,12,2.51,8.33,8.7,35.87,73.23,2.03,76.48,0.589
Grain19,13,1.96,0.98,2.19,14.77,26.54,1.90,30.07,0.589
Grain19,14,2.1,2.45,3.23,79.99,49.39,0.37,83.51,0.589
Grain19,15,3.95,2.45,4.65,38.22,31.84,3.10,48.14,0.589
Grain19,16,0.22,2.45,2.46,51.64,84.91,0.14,86.82,0.589
Grain19,17,0.28,0.98,1.02,19.17,73.82,0.26,74.97,0.589
Grain19,18,7.08,2.94,7.67,34.47,22.55,5.84,40.45,0.589
Grain19,19,0.54,0.49,0.73,83.4,42.3,0.06,85.12,0.589
Grain19,20,4.02,2.94,4.98,38.13,36.22,3.16,50.58,0.589
Grain19,21,0.76,0.98,1.24,33.21,52.26,0.64,59.15,0.589
Grain19,22,1.59,1.96,2.52,35.7,51,1.29,59.18,0.589
Grain19,23,5.13,7.35,8.97,27.04,55.08,4.57,59.38,0.589
Grain19,24,5.14,2.45,5.69,34.71,25.51,4.23,42.05,0.589
Grain19,25,5.13,2.94,5.91,62.2,29.84,2.39,66.12,0.589
Grain19,26,11.58,5.39,12.78,38.03,24.96,9.12,44.46,0.589
Grain19,27,5.74,5.39,7.87,29.61,43.22,4.99,50.65,0.589
Grain19,28,0.9,3.92,4.02,33.21,77.12,0.75,79.20,0.589
Grain19,29,6.01,1.96,6.32,1.34,18.07,6.01,18.07,0.589
Grain19,30,4.69,1.96,5.08,8.22,22.68,4.64,23.97,0.589
Grain19,31,1.86,2.94,3.48,54.67,57.64,1.08,72.00,0.589
Grain19,32,1.42,1.47,2.05,33.96,45.96,1.18,54.93,0.589
Grain19,33,1.31,2.45,2.78,30.19,61.83,1.13,65.96,0.589
Grain19,34,2.55,3.43,4.28,18.38,53.35,2.42,55.57,0.589
Grain19,35,0.92,0.98,1.34,46.2,46.81,0.64,61.63,0.589
Grain19,36,7.54,2.45,7.93,61.51,18,3.60,63.03,0.589
Grain19,37,1.19,0.49,1.29,66.8,22.38,0.47,68.69,0.589
Grain19,38,5,2.45,5.57,57.65,26.11,2.68,61.29,0.589
Grain19,39,0.83,0.49,0.97,32.35,30.46,0.70,43.71,0.589
Grain19,40,0.39,1.47,1.52,11.79,75.14,0.38,75.45,0.589
Grain19,41,4.85,3.43,5.94,51.08,35.27,3.05,59.14,0.589
Grain19,42,2.19,2.94,3.67,44.07,53.3,1.57,64.61,0.589
Grain19,43,3.67,0.49,3.71,22.51,7.6,3.39,23.96,0.589
Grain19,44,2.18,2.94,3.66,22.1,53.44,2.02,56.50,0.589
Grain19,45,1.52,3.92,4.21,59.4,68.83,0.77,79.41,0.589
Grain19,46,5.05,9.8,11.03,29.29,62.76,4.40,66.46,0.589
Grain19,47,4.69,2.45,5.29,87.18,27.59,0.23,87.50,0.589
Grain19,48,4.89,2.94,5.71,49.6,31.03,3.17,56.29,0.589
Grain19,49,1.74,1.47,2.28,40.05,40.26,1.33,54.25,0.589
Grain19,50,0.62,2.94,3.01,39.55,78.01,0.48,80.86,0.589
Grain19,51,0.31,0.98,1.03,6.64,72.53,0.31,72.61,0.589
Grain19,52,0.9,0.98,1.33,56.79,47.55,0.49,68.25,0.589
Grain19,53,3.41,0.49,3.44,35.42,8.19,2.78,36.12,0.589
Grain19,54,5.2,2.45,5.74,38.54,25.25,4.07,44.88,0.589
Grain19,55,3.98,3.92,5.59,42.18,44.57,2.95,58.16,0.589
Grain19,56,0.34,0.49,0.6,56.79,54.87,0.19,71.92,0.589
Grain19,57,6.57,4.41,7.91,2.82,33.89,6.56,33.94,0.589
Grain19,58,1.03,0.49,1.14,13.55,25.55,1.00,28.55,0.589
Grain19,59,7.32,0.98,7.39,35.91,7.63,5.93,36.65,0.589
Grain19,60,2.71,2.45,3.65,42.05,42.12,2.01,56.54,0.589
Grain19,61,2.9,2.94,4.13,31.45,45.4,2.47,53.20,0.589
Grain19,62,0.39,0.49,0.63,78.21,51.48,0.08,82.73,0.589
Grain19,63,2.14,1.47,2.6,33.21,34.52,1.79,46.48,0.589
Grain19,64,3.1,2.45,3.95,35.94,38.33,2.51,50.55,0.589
Grain19,65,2.47,1.47,2.88,3.07,30.74,2.47,31.08,0.589
Grain19,66,7.8,2.45,8.18,78.59,17.44,1.54,79.13,0.589
Grain19,67,1.28,1.47,1.95,69.46,48.9,0.45,76.68,0.589
Grain19,68,5.27,2.94,6.04,18.81,29.17,4.99,34.32,0.589
Grain19,69,8.65,7.84,11.68,4.67,42.2,8.62,42.43,0.589
Grain19,70,5.04,1.96,5.41,34.78,21.27,4.14,40.08,0.589
Grain19,71,0.22,0,0.22,14.77,0,0.21,14.77,0.589
Grain19,72,0.31,0.98,1.03,59.77,72.53,0.16,81.28,0.589
Grain19,73,5.61,2.94,6.33,65.14,27.68,2.36,68.12,0.589
Grain19,74,0.59,1.47,1.58,77.35,68.16,0.13,85.31,0.589
Grain19,75,0.29,0.49,0.57,11.79,59.16,0.28,60.13,0.589
Grain19,76,0.1,2.45,2.45,11.79,87.72,0.10,87.71,0.589
Grain19,77,0.22,0.98,1,75.23,77.46,0.06,86.78,0.589
Grain19,78,0.34,1.47,1.51,33.21,76.8,0.28,79.14,0.589
Grain19,79,0.31,1.47,1.5,59.77,78.15,0.16,84.03,0.589
Grain19,80,5.17,6.86,8.59,43.68,53.01,3.74,64.20,0.589
Grain19,81,0.22,0,0.22,14.77,0,0.21,14.77,0.589
Grain19,82,4.59,1.47,4.82,48.92,17.78,3.02,51.26,0.589
Grain20,1,4.36,5.88,7.32,0.2,53.44,4.36,53.44,0.705
Grain20,2,0.83,1.47,1.69,30.66,60.46,0.71,65.01,0.705
Grain20,3,0.64,1.96,2.06,47.43,72.03,0.43,77.87,0.705
Grain20,4,4.14,1.47,4.39,18.23,19.56,3.93,26.40,0.705
Grain20,5,7.88,8.33,11.47,25.17,46.6,7.13,51.55,0.705
Grain20,6,0.69,1.47,1.62,34.9,64.87,0.57,69.55,0.705
Grain20,7,4.55,1.96,4.96,33.16,23.29,3.81,39.83,0.705
Grain20,8,5.44,6.37,8.38,47.35,49.52,3.69,63.91,0.705
Grain20,9,1.08,3.43,3.6,15.3,72.57,1.04,73.18,0.705
Grain20,10,6.39,3.92,7.5,89.99,31.53,0.00,89.99,0.705
Grain20,11,4.74,4.41,6.47,42.48,42.97,3.50,57.30,0.705
Grain20,12,0.28,1.96,1.98,69.14,81.75,0.10,87.11,0.705
Grain20,13,1.42,1.47,2.04,77.92,46.1,0.30,81.62,0.705
Grain20,14,8.23,7.84,11.37,70.65,43.61,2.73,76.12,0.705
Grain20,15,3.82,1.96,4.29,14.83,27.18,3.69,30.60,0.705
Grain20,16,9.49,6.37,11.43,51.36,33.87,5.93,58.77,0.705
Grain20,17,1.14,1.47,1.86,30.09,52.17,0.99,57.97,0.705
Grain20,18,0.9,0.98,1.33,55.1,47.55,0.51,67.22,0.705
Grain20,19,0.64,0.98,1.17,47.43,57.03,0.43,68.28,0.705
Grain20,20,0.55,1.47,1.57,34.9,69.43,0.45,73.30,0.705
Grain20,21,2.84,2.45,3.75,84.16,40.79,0.29,85.58,0.705
Grain20,22,0.73,0.98,1.22,76.08,53.21,0.18,81.72,0.705
Grain20,23,0.57,0,0.57,41.07,0,0.43,41.07,0.705
Grain21,1,7.7,0,7.7,19.69,0,7.25,19.69,0.618
Grain21,2,11.94,4.9,12.91,53.69,22.32,7.07,56.79,0.618
Grain21,3,9.96,8.82,13.31,53.37,41.53,5.94,63.48,0.618
Grain21,4,2.81,0,2.81,55.43,0,1.59,55.43,0.618
Grain21,5,0.57,0,0.57,4.15,0,0.57,4.15,0.618
Grain21,6,8.11,1.96,8.35,15.75,13.59,7.81,20.81,0.618
Grain21,7,10.08,3.43,10.65,47.4,18.79,6.82,50.16,0.618
Grain21,8,2.49,1.47,2.89,29.33,30.6,2.17,41.31,0.618
Grain21,9,2.01,1.96,2.8,16.67,44.36,1.93,46.55,0.618
Grain21,10,1.3,2.94,3.22,41.9,66.13,0.97,72.51,0.618
Grain21,11,11.09,4.41,11.94,20.64,21.69,10.38,29.63,0.618
Grain21,12,0.85,0.49,0.98,85.85,29.88,0.06,86.40,0.618
Grain21,13,3.33,1.47,3.64,24.13,23.83,3.04,33.39,0.618
Grain21,14,0.74,0.49,0.89,31.69,33.42,0.63,44.97,0.618
Grain21,15,1.21,1.96,2.3,68.93,58.39,0.44,79.10,0.618
Grain21,16,2.73,2.94,4.02,89.72,47.1,0.01,89.81,0.618
Grain21,17,3.55,0.49,3.58,38.95,7.86,2.76,39.54,0.618
Grain21,18,0.73,1.47,1.64,58.7,63.5,0.38,76.63,0.618
Grain21,19,5.2,1.47,5.41,65.52,15.78,2.15,66.53,0.618
Grain21,20,1.97,0.49,2.03,46.36,13.95,1.36,47.95,0.618
Grain21,21,0.42,0,0.42,70.65,0,0.14,70.65,0.618
Grain21,22,0.56,0,0.56,17.02,0,0.54,17.02,0.618
Grain21,23,1,0.49,1.12,6.05,26.02,0.99,27.39,0.618
Grain21,24,4.63,2.45,5.24,77.55,27.92,1.00,79.02,0.618
Grain21,25,2.87,2.45,3.78,69.63,40.45,1.00,74.68,0.618
Grain21,26,8.31,8.82,12.12,61.22,46.71,4.00,70.73,0.618
Grain21,27,0.9,0.98,1.33,14.29,47.47,0.87,49.02,0.618
Grain21,28,6.21,3.43,7.1,12.44,28.91,6.06,31.34,0.618
Grain21,29,4.05,2.94,5,23.69,36,3.71,42.12,0.618
Grain21,30,0.15,1.47,1.48,73.33,84.01,0.04,88.33,0.618
Grain22,1,0.4,0.49,0.63,48.02,50.63,0.27,64.87,0.569
Grain22,2,3.25,1.47,3.57,14.95,24.32,3.14,28.41,0.569
Grain22,3,1.7,0.98,1.96,80.5,30.02,0.28,81.77,0.569
Grain22,4,8.11,5.39,9.74,16.49,33.61,7.78,37.02,0.569
Grain22,5,4.2,3.43,5.42,10.35,39.28,4.13,40.33,0.569
Grain22,6,4.51,3.43,5.67,34.14,37.24,3.73,48.83,0.569
Grain22,7,7.43,7.84,10.8,58.3,46.55,3.90,68.81,0.569
Grain22,8,0.44,0.98,1.07,88.63,66.01,0.01,89.44,0.569
Grain22,9,1.42,0.98,1.72,25.96,34.71,1.28,42.07,0.569
Grain22,10,1.08,0.49,1.18,56.87,24.46,0.59,59.99,0.569
Grain22,11,0.97,0.98,1.38,68.85,45.36,0.35,75.31,0.569
Grain22,12,8.46,6.37,10.59,45.3,37,5.95,55.81,0.569
Grain22,13,3.15,6.37,7.11,78.25,63.7,0.64,84.82,0.569
Grain22,14,3.27,2.94,4.4,35.5,41.95,2.66,52.77,0.569
Grain22,15,2.68,1.47,3.06,47.03,28.72,1.83,53.35,0.569
Grain22,16,0.37,1.96,2,38.86,79.27,0.29,81.72,0.569
Grain22,17,8.16,8.33,11.66,55.73,45.6,4.59,66.79,0.569
Grain22,18,3.35,2.45,4.15,2.74,36.22,3.35,36.26,0.569
Grain22,19,8.58,3.92,9.44,30.54,24.56,7.39,38.48,0.569
Grain22,20,4.63,1.47,4.86,76.36,17.62,1.09,77.02,0.569
Grain22,21,1.66,0,1.66,17.06,0,1.59,17.06,0.569
Grain22,22,0.48,0.98,1.09,72.94,63.78,0.14,82.58,0.569
Grain22,23,6.35,1.96,6.64,30.58,17.17,5.47,34.58,0.569
Grain22,24,2.77,1.47,3.14,11.35,27.94,2.72,30.13,0.569
Grain22,25,7.66,0.98,7.72,68.64,7.29,2.79,68.81,0.569
Grain22,26,1.05,0.49,1.16,41.33,24.97,0.79,47.18,0.569
Grain22,27,4.19,5.39,6.83,49.97,52.15,2.69,66.76,0.569
Grain22,28,1.52,1.47,2.11,33.47,44.07,1.27,53.06,0.569
Grain22,29,0.96,1.47,1.76,86.02,56.84,0.07,87.83,0.569
Grain22,30,2.47,0.98,2.66,43.63,21.67,1.79,47.77,0.569
Grain22,31,3.27,1.47,3.58,24.34,24.23,2.98,33.67,0.569
Grain22,32,9.22,3.43,9.84,39.84,20.41,7.08,43.99,0.569
Grain22,33,0.93,2.94,3.08,65.07,72.49,0.39,82.69,0.569
Grain22,34,1.94,1.47,2.43,21.15,37.22,1.81,41.88,0.569
Grain22,35,5.83,2.94,6.53,22.66,26.78,5.38,34.52,0.569
Grain22,36,0.81,0.49,0.94,37.04,31.26,0.65,46.54,0.569
Grain22,37,0.83,0.98,1.29,82.62,49.63,0.11,85.26,0.569
Grain22,38,0.77,0.98,1.25,80.5,51.81,0.13,84.16,0.569
Grain22,39,0.81,1.47,1.68,87.08,61.23,0.04,88.59,0.569
Grain22,40,0.79,1.47,1.67,88.2,61.86,0.02,89.15,0.569
Grain22,41,2.01,2.45,3.17,57.88,50.71,1.07,70.30,0.569
Grain22,42,0.71,0.49,0.86,43.89,34.62,0.51,53.49,0.569
Grain22,43,0.78,0.49,0.92,27.94,32.13,0.69,41.50,0.569
Grain23,1,0.84,0.98,1.29,87.41,49.34,0.04,88.31,0.521
Grain23,2,0.84,0.49,0.97,2.59,30.21,0.84,30.11,0.521
Grain23,3,4.69,10.29,11.31,57.6,65.5,2.51,77.16,0.521
Grain23,4,6.38,1.96,6.68,51.39,17.08,3.98,53.42,0.521
Grain23,5,2.45,2.94,3.83,25.25,50.21,2.22,54.65,0.521
Grain23,6,0.68,0.98,1.19,56.37,55.28,0.38,71.55,0.521
Grain23,7,0.68,0.98,1.19,77.4,55.14,0.15,82.84,0.521
Grain23,8,2.3,6.86,7.24,41.02,71.46,1.74,76.13,0.521
Grain23,9,0.94,0.49,1.06,21.57,27.59,0.87,34.44,0.521
Grain23,10,5.8,1.47,5.98,89.96,14.23,0.00,89.96,0.521
Grain23,11,5.26,0.98,5.35,37.67,10.55,4.16,38.90,0.521
Grain23,12,1.59,2.94,3.34,34.89,61.64,1.30,67.02,0.521
Grain23,13,0.59,3.43,3.48,77.4,80.32,0.13,87.88,0.521
Grain23,14,3.87,7.84,8.74,30.36,63.77,3.34,67.54,0.521
Grain23,15,3.24,3.43,4.72,31.03,46.65,2.78,53.97,0.521
Grain23,16,8.97,2.94,9.44,31.52,18.16,7.65,35.90,0.521
Grain23,17,3.35,0.98,3.49,43.27,16.33,2.44,45.66,0.521
Grain23,18,4.84,3.43,5.94,3.32,35.32,4.83,35.57,0.521
Grain23,19,5.96,3.43,6.88,9.78,29.94,5.87,31.38,0.521
Grain23,20,4.62,1.47,4.85,34.11,17.64,3.83,37.94,0.521
Grain23,21,0.99,1.47,1.78,66.09,55.92,0.40,76.97,0.521
Grain23,22,0.15,1.47,1.48,31.03,84.01,0.13,85.02,0.521
Grain23,23,7.8,2.94,8.33,44.3,20.67,5.58,47.92,0.521
Grain23,24,2.01,0.98,2.24,63.5,25.99,0.90,66.40,0.521
Grain23,25,0.65,0.98,1.18,89.6,56.43,0.00,89.78,0.521
Grain23,26,10.82,4.9,11.88,3.52,24.38,10.80,24.62,0.521
Grain23,27,2.44,0.49,2.49,75.11,11.36,0.63,75.42,0.521
Grain23,28,7.67,1.47,7.81,2.71,10.85,7.66,11.19,0.521
Grain23,29,2.93,0.49,2.97,79.31,9.5,0.54,79.46,0.521
Grain23,30,4.5,4.9,6.66,52.32,47.43,2.75,65.61,0.521
Grain23,31,1.39,0.49,1.47,26.69,19.47,1.24,32.35,0.521
Grain23,32,7.14,2.45,7.55,8.68,18.95,7.06,20.79,0.521
Grain23,33,0.92,0.49,1.04,44.6,28.04,0.66,50.96,0.521
Grain23,34,8.25,1.47,8.38,16.39,10.1,7.91,19.18,0.521
