Length.Name,Length.Number,Apparent.Length,Corrected.Z.Depth,True.Length,Azimuth,Dip,Angle.to.CAxis
Length01,1,1.72,1.96,2.61,54.92,48.66,67.69
Length01,2,4.29,3.43,5.49,42.35,38.68,54.76
Length01,3,1.86,0.49,1.93,53.46,14.73,54.84
Length01,4,1.72,0.49,1.79,22.4,15.86,27.21
Length01,5,5.02,9.31,10.58,72.26,61.66,81.69
Length01,6,2.07,0.98,2.29,75.53,25.34,76.95
Length01,7,2.69,2.45,3.64,54.28,42.29,64.41
Length01,8,4.07,3.92,5.65,39.63,43.93,56.31
Length01b,1,1.85,0.49,1.92,83.66,14.81,83.87
Length01b,2,2.72,1.47,3.09,78.56,28.44,79.95
Length01b,3,6.09,1.96,6.4,33.52,17.85,37.48
Length01b,4,4.32,2.94,5.23,63.18,34.23,68.1
Length01b,5,4.5,6.86,8.2,69.22,56.78,78.79
Length01b,6,11.07,8.33,13.86,59.47,36.97,66.05
Length01b,7,5.93,7.84,9.84,37.99,52.89,61.61
Length01b,8,1.47,2.45,2.86,79.85,59.1,84.81
Length01b,9,1.94,0.98,2.17,47.25,26.85,52.73
Length01b,10,6.82,1.47,6.98,77.5,12.17,77.79
Length02,1,3.17,2.78,4.21,85.36,41.27,86.51
Length02,2,2.36,1.96,3.07,89.49,39.72,89.6
Length02,3,1.88,3.27,3.77,12.67,60.05,60.85
Length03,1,2.88,3.92,4.87,62.82,53.69,74.31
Length03,2,8.65,7.52,11.46,39.76,41,54.54
Length03,3,3.37,1.14,3.56,8.88,18.75,20.68
Length03,4,11.37,5.07,12.44,75.18,24.02,76.49
Length03,5,11.89,2.45,12.14,53.12,11.65,54
Length03,6,1.45,0.49,1.53,43.4,18.67,46.5
Length03,7,3.86,3.59,5.28,42.85,42.93,57.54
Length04,1,2.13,0.49,2.18,18.42,12.99,22.41
Length04,2,3.51,0.82,3.6,15.49,13.12,20.2
Length04,3,8.55,3.27,9.15,37.42,20.93,42.11
Length04,4,8.01,6.37,10.24,25.25,38.5,44.94
Length05,1,8.26,6.37,10.44,46.03,37.64,56.65
Length05,2,3.5,1.47,3.79,38.82,22.8,44.09
Length05,3,2.5,7.84,8.23,38.06,72.32,76.16
Length05,4,4.63,6.37,7.88,57.42,53.99,71.54
Length06,1,7.62,8.66,11.54,50.41,48.64,65.09
Length06,2,2.75,2.29,3.57,79.14,39.79,81.68
Length06,3,2.56,1.31,2.88,9.79,27.04,28.63
Length06,4,5.37,4.74,7.16,9.84,41.41,42.35
Length06,5,12.43,5.23,13.49,28.23,22.81,35.69
Length07,1,4.35,0.49,4.38,52.17,6.43,52.45
Length07,2,8.02,2.45,8.39,37.07,16.99,40.26
Length08,1,1.63,0.49,1.7,71.01,16.75,71.85
Length08,2,5.68,10.29,11.76,59.02,61.1,75.6
Length08,3,3.02,2.45,3.89,45.17,39.08,56.82
Length08,4,7.47,7.35,10.48,70.23,44.56,76.05
Length08,5,3.32,2.45,4.13,13.93,36.44,38.67
Length08,6,7.43,10.29,12.7,49.7,54.17,67.75
Length08,7,1.31,1.47,1.97,36.94,48.32,57.89
Length08,8,5.97,2.45,6.45,44.71,22.33,48.9
Length08,9,2.23,1.47,2.68,46.49,33.35,54.89
Length08,10,6.21,0.98,6.29,6.32,8.97,10.96
Length08b,1,4.77,4.58,6.61,52.88,43.83,64.19
Length08b,2,3.4,2.94,4.49,79.33,40.88,81.96
Length08b,3,6.61,0.65,6.64,74.97,5.65,75.05
Length08b,4,7.47,7.35,10.48,2.85,44.56,44.63
Length08b,5,8.72,2.12,8.97,5.23,13.69,14.64
Length08b,6,2.91,1.14,3.13,77.68,21.47,78.54
Length09,1,4.76,0.16,4.77,31.54,1.96,31.59
Length09,2,5.45,4.74,7.22,37.78,41.03,53.4
Length09,3,1.45,0.49,1.53,57.4,18.67,59.31
Length09,4,3.6,0.16,3.61,46.58,2.6,46.63
Length09,5,7.13,6.37,9.56,31.82,41.78,50.69
Length10,1,6.02,1.96,6.33,61.34,18.03,62.87
Length10,2,5.5,7.84,9.58,38.57,54.96,63.33
Length10,3,5.56,2.45,6.08,11.64,23.78,26.33
Length10,4,4.14,2.94,5.08,42.34,35.39,52.95
Length10,5,7.57,5.39,9.29,66.35,35.46,70.93
Length10,6,2.16,1.96,2.91,63.88,42.28,70.99
Length11,1,3.67,2.45,4.41,39.79,33.76,50.29
Length11,2,7.06,0.98,7.13,42.87,7.9,43.46
Length11,3,2.83,1.96,3.44,56,34.7,62.63
Length11,4,3.96,3.43,5.24,50.5,40.91,61.27
Length11,5,4.98,1.96,5.35,7.9,21.5,22.84
Length12,1,5.6,6.37,8.48,39.37,48.71,59.33
Length12,2,3.15,2.94,4.31,10.54,43.06,44.08
Length12,3,5.8,1.47,5.99,56.18,14.22,57.35
Length13,1,1.62,1.96,2.54,72.76,50.49,79.13
Length13,2,7.41,5.39,9.16,42.07,36.05,53.12
Length13,3,3.8,0.33,3.81,8.25,4.92,9.6
Length13b,1,4.5,3.76,5.87,38.23,39.84,52.91
Length13b,2,3.51,2.29,4.19,43.16,33.13,52.35
Length13b,3,8.83,3.92,9.66,33.85,23.94,40.62
Length13b,4,2.21,2.45,3.3,84.3,47.97,86.19
Length13b,5,2.79,0.33,2.81,53.18,6.67,53.47
Length13b,6,9.75,5.23,11.06,36.61,28.21,44.98
Length14,1,1.8,1.14,2.13,62.65,32.5,67.2
Length14,2,4.58,3.1,5.53,87.94,34.16,88.3
Length14,3,4.76,7.35,8.76,88.82,57.1,89.36
Length14,4,2.91,3.43,4.5,60.77,49.75,71.61
Length14,5,1.86,2.45,3.08,76.15,52.74,81.67
Length14,6,1.45,1.47,2.07,67.58,45.39,74.47
Length14,7,3.69,3.43,5.04,85.66,42.91,86.82
Length14,8,3.75,2.12,4.31,79.12,29.5,80.54
Length15,1,3.2,0.16,3.2,80,2.93,80.01
Length15,2,3.58,0.33,3.6,47.74,5.21,47.96
Length15,3,5.65,3.43,6.61,61.21,31.29,65.7
Length15,4,1.34,0.98,1.66,55.45,36.2,62.76
Length15,5,1.76,0.98,2.01,64.48,29.13,67.89
Length16,1,5.11,1.96,5.48,53.6,20.98,56.35
Length16,2,7.48,1.96,7.74,50.5,14.68,52.02
Length16,3,2.15,0.65,2.25,15.37,16.92,22.71
Length16,4,1.53,0.33,1.57,86.39,12.04,86.47
Length16,5,1.86,0.16,1.87,30.11,5.01,30.48
Length16b,1,7.42,5.88,9.47,76.21,38.41,79.23
Length16b,2,8.18,3.43,8.87,29.05,22.75,36.27
Length16b,3,8.91,3.92,9.73,17.17,23.77,29.02
Length16b,4,4.21,1.47,4.46,30.35,19.25,35.44
Length16b,5,3.03,1.96,3.61,14.62,32.94,35.7
Length16b,6,6.05,0.98,6.13,13.7,9.2,16.45
Length16b,7,6.82,7.84,10.4,56.72,48.97,68.89
Length16c,1,1.96,1.47,2.45,76.21,36.83,79
Length16c,2,2.71,3.43,4.37,84.48,51.75,86.59
Length16c,3,11.17,9.8,14.86,6.61,41.27,41.7
Length16c,4,6.95,6.37,9.43,56.25,42.52,65.83
Length16c,5,5.84,4.9,7.62,3.15,40.01,40.12
Length16c,6,6.61,4.41,7.95,71.66,33.72,74.83
Length17,1,2.8,1.47,3.16,82.62,27.69,83.47
Length17,2,6.17,4.9,7.88,81.73,38.47,83.54
Length17,3,4.36,1.47,4.61,63.81,18.62,65.28
Length17,4,3.68,1.96,4.17,84.29,28.08,84.97
Length17,5,3.76,5.88,6.98,2.61,57.42,57.45
Length17,6,5.76,3.92,6.97,62.07,34.23,67.22
Length17,7,7.31,3.43,8.08,44.83,25.13,50.06
Length17b,1,3.19,0.49,3.22,27.72,8.75,28.97
Length17b,2,5.91,2.45,6.39,88.21,22.54,88.34
Length17b,3,5.02,2.94,5.82,28.68,30.35,40.79
Length17b,4,7.6,1.47,7.75,8.48,10.95,13.82
Length17b,5,8.95,1.47,9.07,39.62,9.34,40.53
Length17c,1,6.78,5.88,8.98,49.46,40.95,60.6
Length17c,2,4.02,1.96,4.47,49.55,26.02,54.34
Length17c,3,5.09,5.39,7.41,57.9,46.66,68.61
Length17c,4,8.57,4.41,9.64,32.35,27.24,41.31
Length17c,5,4.78,3.92,6.18,1.54,39.35,39.38
Length17c,6,1.81,0.98,2.05,51.21,28.5,56.59
Length17d,1,1.34,0.98,1.66,57.26,36.2,64.12
Length17d,2,3.92,4.41,5.9,79.62,48.35,83.13
Length17d,3,5.4,3.43,6.4,40.98,32.44,50.42
Length17d,4,2.69,0.98,2.87,5.57,19.99,20.72
Length17e,1,2.87,1.47,3.22,35.69,27.13,43.71
Length17e,2,4.06,1.47,4.32,24.48,19.9,31.15
Length17e,3,3.9,6.86,7.9,88.19,60.36,89.11
Length17e,4,3.81,2.45,4.53,87.44,32.75,87.85
Length18,1,5.19,4.9,7.14,42.36,43.38,57.52
Length18,2,2.58,0.98,2.76,15.09,20.78,25.48
Length18,3,2.02,2.94,3.57,78.83,55.52,83.7
Length18,4,5.81,5.88,8.27,66.43,45.35,73.68
Length19,1,7.93,5.88,9.87,83.97,36.57,85.16
Length19,2,4.57,1.96,4.98,86.43,23.2,86.72
Length19,3,2.49,1.96,3.17,32.74,38.19,48.62
Length20,1,3.85,1.31,4.06,60.63,18.77,62.33
Length20,2,2.42,1.31,2.75,71.32,28.35,73.63
Length20,3,5.1,3.92,6.44,51.94,37.53,60.74
Length20,4,3.39,2.94,4.49,47.84,40.97,59.55
Length21,1,4.5,2.94,5.37,52.97,33.18,59.73
Length21,2,2.71,0.65,2.79,3.07,13.55,13.88
Length21,3,0.69,0.82,1.07,80.05,49.68,83.58
Length21,4,8.76,3.59,9.47,17.48,22.3,28.06
Length21,5,2.15,0.65,2.25,51.84,16.92,53.76
Length22,1,5.41,3.43,6.41,88.78,32.37,88.97
Length23,1,3.91,1.47,4.17,12.39,20.63,23.92
Length23,2,2.5,0.98,2.68,60.39,21.42,62.62
Length23,3,2.63,0,2.63,83.34,0,83.34
Length23,4,8.86,7.35,11.52,40.01,39.68,53.88
Length23,5,7.26,2.94,7.83,8.91,22.07,23.71
Length23,6,6.14,4.9,7.86,34.11,38.58,49.67
Length23,7,7.05,2.45,7.46,46.7,19.17,49.63
Length23b,1,7.95,0.98,8.01,43.59,7.03,44.04
Length23b,2,3.44,3.43,4.86,77.14,44.95,80.94
Length23b,3,1.87,2.45,3.09,73.07,52.59,79.81
Length24,1,4.65,2.45,5.25,29.23,27.8,39.47
Length24,2,4.02,5.39,6.73,35.16,53.3,60.75
Length24,3,4.19,6.86,8.04,80.36,58.59,84.99
Length24,4,2.76,2.94,4.03,36.26,46.8,56.5
Length24,5,3.13,2.94,4.29,18.16,43.23,46.19
Length24,6,4.84,2.45,5.43,56.06,26.84,60.12
Length24,7,3.69,2.45,4.43,44.07,33.59,53.24
Length24b,1,8.02,1.96,8.26,44.98,13.74,46.6
Length24b,2,0.75,0.49,0.89,79.58,33.3,81.3
Length24b,3,2.11,0.98,2.33,28.36,24.9,37.05
Length24b,4,3.46,3.43,4.87,71.31,44.75,76.84
Length24b,5,1.61,4.41,4.7,66.53,69.94,82.15
Length24b,6,5.59,8.82,10.45,79.57,57.64,84.44
Length24b,7,3.15,1.47,3.48,5.54,25.03,25.59
Length24b,8,3.18,2.45,4.02,53.17,37.59,61.64
Length24b,9,10.02,5.88,11.62,59.22,30.41,63.81
Length25,1,0.93,0.65,1.14,70.31,35.15,74.01
Length25,2,4.32,1.47,4.56,35.22,18.81,39.35
Length25,3,4.31,1.47,4.55,74.15,18.86,75.02
Length25,4,3.07,0.98,3.23,76.75,17.69,77.38
Length25,5,2.36,2.78,3.64,9.53,49.71,50.38
Length25,6,5.61,6.7,8.74,23.2,50.05,53.83
Length25,7,3.58,6.37,7.31,3.16,60.68,60.73
Length25,8,3.08,2.94,4.26,2.64,43.7,43.77
Length25,9,2.99,2.29,3.76,41.15,37.42,53.27
Length25,10,2.77,0.82,2.89,16.58,16.41,23.17
Length25,11,1.46,0.33,1.5,48.42,12.6,49.63
Length25,12,1.34,0.16,1.35,56.8,6.95,57.08
Length25,13,5.32,3.43,6.33,20.06,32.84,37.89
Length25b,1,2.75,0.49,2.79,28.82,10.11,30.4
Length25b,2,3.51,5.39,6.44,2.79,56.91,56.96
Length25b,3,2.71,1.96,3.34,2.93,35.93,36.03
Length25b,4,2.35,2.45,3.39,2.01,46.24,46.28
Length25c,1,2.1,2.78,3.48,5.11,52.93,53.1
Length25c,2,3.43,5.88,6.81,3.49,59.78,59.85
Length25c,3,4.77,5.23,7.08,25.61,47.63,52.58
Length25c,4,7.64,6.7,10.16,16.07,41.27,43.76
Length25c,5,7.27,5.72,9.25,29.64,38.17,46.9
Length25c,6,9.08,2.78,9.5,14.05,17.01,21.93
Length25c,7,8.47,3.92,9.34,62.34,24.84,65.08
Length25d,1,4.89,1.47,5.1,75.91,16.75,76.52
Length25d,2,4.97,2.45,5.54,24.68,26.24,35.41
Length25d,3,3.94,1.47,4.2,33.41,20.48,38.55
Length25d,4,9.61,7.35,12.1,59.87,37.42,66.5
Length25d,5,4.59,3.43,5.73,69.73,36.78,73.89
Length25d,6,5.9,1.96,6.21,84.02,18.4,84.33
Length25d,7,1.27,1.47,1.94,82.94,49.26,85.4
Length25d,8,1.85,0.98,2.1,41.14,27.9,48.28
Length25e,1,1.59,1.96,2.53,50.06,50.91,66.12
Length25e,2,3.39,8.82,9.45,18.79,69,70.17
Length25e,3,7.54,2.45,7.93,35.03,18,38.86
Length25f,1,3.08,1.47,3.41,41.95,25.54,47.85
Length25f,2,9.27,2.94,9.72,38.28,17.61,41.56
Length25f,3,3.11,7.84,8.44,21.02,68.4,69.9
Length26,1,3.1,1.96,3.67,82.54,32.3,83.7
Length26,2,1.27,1.47,1.94,69.1,49.26,76.53
Length26,3,3.32,1.96,3.86,60.43,30.57,64.86
Length26,4,6.99,1.96,7.26,43.7,15.68,45.89
Length26,5,6.43,2.94,7.07,85.66,24.57,86.05
Length26,6,3.2,3.43,4.69,17.6,47.03,49.48
Length26,7,1.51,0,1.51,34.32,0,34.32
Length26b,1,3.36,1.47,3.67,55.2,23.61,58.47
Length26b,2,1.27,1.96,2.33,69.1,57.14,78.84
Length26b,3,7.98,2.94,8.51,62.09,20.23,63.95
Length26b,4,3.1,3.92,5,17.99,51.66,53.85
Length27,1,2.51,1.47,2.91,59.48,30.35,64.01
Length27,2,4.26,0.49,4.29,42.8,6.56,43.21
Length27,3,5.79,3.43,6.73,80.09,30.64,81.48
Length27,4,4,0,4,88.96,0,88.96
Length27,5,8.32,5.39,9.91,8.1,32.95,33.82
Length27,6,3.04,1.96,3.62,65.1,32.83,69.28
Length28,1,9.63,7.84,12.42,65.03,39.15,70.89
Length28,2,5.88,2.45,6.37,10.22,22.61,24.71
Length28,3,3.79,1.47,4.06,7.37,21.21,22.4
Length28,4,7.52,1.96,7.78,29.38,14.61,32.52
Length28,5,3.52,0.49,3.55,65.46,7.94,65.71
Length28,6,11.63,1.96,11.8,18.18,9.57,20.47
Length28,7,5.39,1.47,5.59,45.85,15.25,47.77
Length28,8,3.35,3.92,5.16,72.87,49.5,78.97
Length29,1,2.22,0.16,2.23,62.01,4.21,62.09
Length29,2,5.5,4.41,7.05,17.92,38.72,42.07
Length29,3,1.38,0.82,1.61,67.01,30.6,70.36
Length29,4,2.12,7.35,7.65,6.83,73.94,74.06
Length29,5,8.24,1.31,8.35,87.36,9.01,87.39
Length29,6,1.87,0.65,1.98,59.91,19.28,61.76
Length29b,1,0.99,0.49,1.1,88.92,26.39,89.04
Length29b,2,8.22,3.92,9.1,27.78,25.52,37.02
Length29b,3,1.96,0.49,2.02,35.98,14.02,38.27
Length29b,4,3.62,4.9,6.09,71.81,53.55,79.32
Length29b,5,6.32,6.86,9.33,28.03,47.35,53.27
Length29b,6,2.1,1.47,2.56,72.18,35.02,75.49
Length29b,7,2.95,4.9,5.72,31.57,58.98,63.96
Length29b,8,7.82,2.45,8.19,22.01,17.41,27.79
Length29b,9,4.66,3.43,5.78,32.66,36.39,47.34
Length30,1,2.36,3.43,4.16,27.91,55.54,60
Length30,2,4.16,5.88,7.21,38.67,54.73,63.2
Length30,3,7.13,5.39,8.94,28.74,37.09,45.62
Length30,4,2.27,1.47,2.7,52.49,32.94,59.27
Length30b,1,4.54,0.16,4.54,52.49,2.06,52.52
Length30b,2,5.71,2.29,6.15,4.19,21.82,22.2
Length30b,3,2.69,5.23,5.88,3.76,62.8,62.86
Length30b,4,2.18,0.33,2.21,22.35,8.52,23.84
Length30c,1,7.14,4.9,8.66,27.5,34.48,43.02
Length30c,2,5.23,2.45,5.77,14.72,25.13,28.88
Length31,1,1.66,1.47,2.22,26.35,41.58,47.91
Length31,2,4.57,1.96,4.97,38.84,23.23,44.29
Length31,3,5.25,3.43,6.27,11.4,33.19,34.88
Length31,4,4.91,1.47,5.13,41.12,16.67,43.81
Length31,5,4.86,5.39,7.26,27.38,47.97,53.52
Length31,6,3.03,5.88,6.62,72.65,62.74,82.15
Length31b,1,4.6,5.88,7.47,25.9,51.96,56.33
Length31b,2,1.48,0.49,1.56,51.72,18.31,53.98
Length31b,3,9.2,2.94,9.66,49.76,17.74,52.03
Length31b,4,4.9,1.47,5.12,64.42,16.7,65.58
Length31b,5,1.51,0.49,1.59,35.97,17.93,39.64
Length31b,6,5.65,3.92,6.87,8.56,34.78,35.69
Length31b,7,2.71,1.47,3.08,29.82,28.53,40.34
Length31b,8,0.88,0.49,1.01,75.3,29.02,77.18
Length31b,9,5.24,3.92,6.55,86.86,36.8,87.49
Length31b,10,2.69,1.96,3.33,65.84,36.11,70.69
Length31c,1,5.88,5.88,8.31,50.37,45.03,63.21
Length31c,2,10.9,8.33,13.72,25.05,37.39,43.96
Length31c,3,5.63,3.43,6.59,59.99,31.36,64.72
Length31c,4,4.91,2.45,5.49,43.67,26.52,49.67
Length31c,5,1.67,1.47,2.22,31.09,41.39,50.02
Length31c,6,4.3,2.45,4.95,42.69,29.69,50.32
Length31c,7,5.92,1.96,6.24,9.12,18.31,20.39
Length32,1,2.14,0.98,2.36,82.07,24.58,82.79
Length32,2,7.96,6.37,10.19,63.87,38.69,69.89
Length32,3,7.4,0.98,7.47,43.56,7.54,44.08
Length32,4,9.46,2.45,9.77,64.49,14.53,65.36
Length32,5,9.57,0.98,9.62,72.67,5.85,72.76
Length32,6,4.83,4.41,6.54,4.24,42.41,42.58
Length32,7,4.15,5.39,6.8,51.26,52.42,67.56
Length33,1,11.25,3.92,11.91,4.99,19.22,19.83
Length33,2,2.64,1.47,3.03,38.85,29.08,47.11
Length33,3,7.55,2.45,7.94,0.42,17.99,17.99
Length33,4,2.25,1.47,2.69,81.32,33.14,82.74
Length33,5,4.25,4.9,6.49,3.63,49.08,49.18
Length33,6,1.07,1.47,1.82,81.03,53.87,84.72
Length33,7,4.69,8.33,9.56,71.08,60.62,80.84
Length34,1,3.08,0.98,3.23,35.48,17.67,39.12
Length34,2,1.67,0.49,1.74,59.31,16.38,60.68
Length34,3,5.95,3.92,7.13,3.07,33.39,33.52
Length34,4,5.19,5.88,7.84,70.67,48.58,77.35
Length34,5,8.61,7.35,11.32,56.49,40.5,65.18
Length34,6,1.15,0.49,1.25,87.87,23.12,88.04
Length34,7,8.08,5.88,9.99,38.25,36.07,50.6
Length34,8,2.01,0,2.01,38.81,0,38.81
Length34,9,4.88,1.47,5.1,10.14,16.77,19.52
Length34,10,8.59,4.9,9.89,46.36,29.72,53.17
Length34,11,5.61,3.92,6.85,76.02,34.94,78.58
Length34,12,5.02,2.94,5.82,76.06,30.35,78
Length34b,1,3.75,1.47,4.03,22.1,21.42,30.4
Length34b,2,7.2,0.49,7.22,38.44,3.89,38.6
Length34b,3,4.32,3.43,5.52,46.88,38.44,57.63
Length34b,4,2.32,1.96,3.04,4.48,40.21,40.42
Length34b,5,2.89,1.47,3.24,88.45,26.97,88.62
Length35,1,3.54,3.43,4.93,0.06,44.13,44.13
Length35,2,1.89,1.31,2.3,77.51,34.6,79.74
Length35,3,2.79,1.47,3.16,49.16,27.76,54.64
Length35,4,5.87,3.43,6.8,17.92,30.3,34.77
Length35,5,2.95,5.39,6.15,73.21,61.29,82.03
Length35,6,1.66,1.96,2.57,15.85,49.72,51.54
Length35,7,3.17,3.92,5.04,64.74,51.03,74.43
Length35,8,5.62,4.9,7.46,45.3,41.1,57.99
Length35,9,3.58,4.9,6.07,60.14,53.87,72.93
Length35,10,6.69,7.35,9.94,69.38,47.69,76.29
Length35b,1,2.25,4.41,4.95,58.76,63.01,76.39
Length35b,2,10.5,0.98,10.55,68.55,5.33,68.64
Length35b,3,2.83,3.43,4.45,54.7,50.46,68.41
Length35b,4,2.64,0.49,2.68,22.26,10.53,24.51
Length35b,5,1.51,1.96,2.48,63.77,52.34,74.33
Length35b,6,8.81,10.29,13.55,30.08,49.43,55.75
Length35b,7,3.69,2.45,4.43,76.91,33.6,79.12
Length35b,8,5.07,1.47,5.28,24.38,16.16,28.98
Length35b,9,6.53,2.94,7.16,4.67,24.25,24.67
Length35b,10,7.72,3.27,8.38,48.33,22.95,52.25
Length36,1,4.02,2.94,4.98,39.19,36.2,51.29
Length36,2,7.46,4.9,8.93,35.7,33.3,47.25
Length36,3,3.12,1.47,3.45,39.94,25.26,46.1
Length36,4,3.3,2.45,4.11,54.44,36.64,62.18
Length36,5,2.55,0.98,2.74,53.59,21,56.35
Length37,1,2.69,1.96,3.33,80.55,36.07,82.37
Length37,2,4.87,3.92,6.25,45.5,38.83,56.91
Length37,3,3.67,4.41,5.74,47.73,50.21,64.5
Length37,4,0.83,0,0.83,86.78,0,86.78
Length38,1,3.08,2.45,3.93,17.85,38.54,41.88
Length38,2,4.65,1.96,5.05,2.16,22.85,22.95
Length38,3,2.19,0.49,2.25,28.35,12.6,30.81
Length38,4,4.35,6.37,7.72,77.84,55.67,83.18
Length38,5,3.59,0.49,3.62,35.3,7.77,36.04
Length38,6,1.4,0.49,1.48,43.97,19.36,47.23
Length38,7,2.25,4.9,5.39,70.37,65.37,81.95
Length38,8,3.95,2.45,4.65,81.8,31.8,83.04
Length38,9,4.54,1.96,4.95,84.35,23.36,84.82
Length38,10,10.76,2.45,11.04,38.24,12.83,40.02
Length38,11,2.01,0.49,2.07,59.67,13.69,60.62
Length38,12,1.9,2.45,3.1,33.4,52.24,59.26
Length38,13,1.49,1.47,2.09,59.31,44.7,68.72
Length39,1,2.63,0.49,2.68,50.62,10.56,51.42
Length39,2,1.57,2.94,3.34,83.95,61.83,87.15
Length39,3,2.11,1.96,2.88,86.49,42.87,87.43
Length39,4,5.46,4.9,7.33,48.02,41.94,60.16
Length39,5,5.85,2.94,6.55,42.99,26.67,49.19
Length39,6,1.17,0.49,1.27,55.14,22.68,58.17
Length39,7,5.36,3.43,6.36,19.93,32.65,37.67
Length39,8,2.14,2.94,3.64,70.07,53.93,78.42
Length39,9,4.8,4.9,6.86,89.8,45.57,89.86
Length39,10,5.78,2.45,6.28,88.45,22.98,88.57
Length39,11,1.95,0.49,2.01,23.13,14.09,26.88
Length39,12,4.28,0.49,4.3,37.29,6.54,37.77
Length39,13,2.34,0.49,2.39,77.48,11.81,77.75
Length39,14,11.95,2.45,12.2,37.18,11.59,38.69
Length39,15,5.29,4.9,7.21,67.18,42.81,73.47
Length39,16,7.42,4.9,8.89,79.86,33.46,81.56
Length39,17,1.18,0.98,1.53,55.42,39.74,64.12
Length39b,1,3.17,1.47,3.5,55.14,24.86,58.76
Length39b,2,1.07,0,1.07,70.07,0,70.07
Length39b,3,5.67,1.47,5.86,44.67,14.54,46.49
Length39b,4,6.32,9.31,11.26,45.56,55.84,66.85
Length39b,5,4.71,2.94,5.55,89.99,31.99,89.99
Length39b,6,4.44,1.96,4.85,1.91,23.83,23.9
Length39b,7,5.26,5.88,7.89,58.9,48.22,69.87
Length39b,8,1.44,0.49,1.52,70.08,18.85,71.19
Length39c,1,2.7,0.49,2.74,67.33,10.29,67.72
Length39c,2,11.76,5.39,12.94,7.24,24.63,25.61
Length39c,3,2.07,0.98,2.29,60.57,25.37,63.64
Length39c,4,4.03,2.45,4.72,62.02,31.3,66.37
Length39c,5,4.38,1.47,4.62,6.68,18.55,19.67
Length39c,6,3.99,0.98,4.11,37.02,13.79,39.16
Length39c,7,4.6,1.47,4.83,60.66,17.74,62.18
Length40,1,3.5,0.98,3.63,58.78,15.66,60.06
Length40,2,1.95,0,1.95,85.24,0,85.24
Length40,3,2.89,2.94,4.12,76.92,45.51,80.88
Length40,4,7.87,4.9,9.27,50.72,31.91,57.49
Length40,5,8.08,4.41,9.2,77.26,28.65,78.84
Length40,6,7.67,1.96,7.92,33.16,14.33,35.79
Length40,7,2.79,8.82,9.25,76.75,72.44,86.04
Length40,8,3.89,3.92,5.53,60.36,45.2,69.61
Length40,9,2.15,3.43,4.05,8.24,57.97,58.34
Length40,10,4.42,0.49,4.44,7.8,6.33,10.03
Length41,1,3.38,0,3.38,84.29,0,84.29
Length41,2,1.27,0,1.27,51.65,0,51.65
Length41,3,4.06,1.47,4.32,54.09,19.91,56.54
Length41,4,2.79,5.39,6.07,87.93,62.61,89.05
Length41,5,2.23,4.9,5.38,82.55,65.59,86.93
Length42,1,5.14,3.92,6.46,71.54,37.36,75.43
Length42,2,7.23,3.92,8.23,5.12,28.47,28.89
Length42,3,6.26,2.94,6.91,36.33,25.18,43.19
Length42,4,4.9,2.45,5.48,47.5,26.57,52.82
Length42,5,7.18,3.92,8.18,79.41,28.65,80.72
Length43,1,3.56,0.98,3.69,6.66,15.39,16.74
Length43,2,12.24,5.39,13.38,54.9,23.77,58.25
Length43,3,5.88,3.43,6.8,18.57,30.29,35.06
Length43,4,2.95,1.96,3.54,64.28,33.61,68.82
Length43,5,10.59,3.43,11.13,58.41,17.96,60.11
Length43,6,5.54,3.43,6.51,4.88,31.79,32.13
Length43,7,5.01,0.49,5.03,75.19,5.59,75.26
Length43,8,1.63,0,1.63,38.68,0,38.68
Length43,9,2.02,0,2.02,66.88,0,66.88
Length44,1,7.08,6.21,9.42,72.74,41.25,77.11
Length44,2,3.95,2.78,4.83,57.29,35.1,63.76
Length44,3,1.42,0.33,1.46,83.42,12.94,83.59
Length44,4,10.6,0.82,10.63,12.97,4.41,13.68
Length44,5,7.01,2.45,7.43,10.41,19.27,21.81
Length44b,1,6.35,3.76,7.38,29.36,30.61,41.4
Length44b,2,5.88,5.23,7.87,24.66,41.65,47.22
Length44b,3,6.88,6.86,9.72,56.04,44.93,66.71
Length44b,4,2.03,1.47,2.51,30.4,35.91,45.69
Length44b,5,1.33,0.49,1.42,41.87,20.2,45.66
Length44b,6,2.21,3.92,4.5,71.96,60.61,81.26
Length45,1,1.82,1.47,2.34,49.77,38.91,59.83
Length45,2,2.35,1.47,2.77,53.22,32.08,59.51
Length45,3,8.14,1.96,8.38,63.4,13.54,64.19
Length45,4,6.47,1.96,6.76,3.23,16.86,17.16
Length45,5,8.32,3.43,9,76.82,22.41,77.83
Length45,6,3.24,1.96,3.79,54.44,31.15,60.15
Length45,7,6.51,0.98,6.58,1.96,8.56,8.78
Length45,8,1.27,1.96,2.34,87.24,57.1,88.5
Length46,1,4.77,3.92,6.17,78.98,39.43,81.51
Length46,2,9.74,3.92,10.5,61.52,21.93,63.75
Length46,3,8.25,2.45,8.61,4.96,16.54,17.25
Length46,4,2.97,0.98,3.13,44.92,18.27,47.75
Length46,5,6.87,5.88,9.04,19.97,40.58,44.45
Length46,6,6.35,0.49,6.37,41.79,4.42,41.98
Length47,1,4.15,0.98,4.26,83.81,13.31,83.97
Length47,2,5.5,2.94,6.24,4.32,28.12,28.42
Length47,3,2.59,0,2.59,37.44,0,37.44
Length47,4,2.94,0.98,3.1,38.47,18.43,42.03
Length47,5,5.05,5.88,7.76,1.98,49.33,49.36
Length48,1,1.94,0.98,2.17,61.13,26.85,64.48
Length48,2,4.82,3.92,6.21,86.18,39.14,87.04
Length48,3,6.12,4.9,7.84,62.7,38.7,69.03
Length48,4,2.56,0.98,2.75,56.76,20.92,59.21
Length48,5,10.3,4.41,11.21,10.51,23.18,25.34
Length48b,1,1.42,0.49,1.5,62.01,19.04,63.66
Length48b,2,3.11,0.98,3.26,57.04,17.52,58.75
Length48b,3,7.32,1.47,7.46,5.53,11.36,12.62
Length48b,4,2.71,1.47,3.08,85.21,28.53,85.79
Length48b,5,6.68,3.43,7.51,40.85,27.18,47.71
Length48b,6,7.47,2.94,8.03,73.13,21.49,74.34
Length48b,7,4.83,1.96,5.21,57.04,22.1,59.73
Length48b,8,6.25,0.98,6.32,73.07,8.92,73.29
Length48b,9,2.45,2.45,3.47,0.61,45.01,45.01
Length48b,10,3.55,0.49,3.58,19.46,7.87,20.93
Length48b,11,4.59,0,4.59,48.67,0,48.67
Length48c,1,2.64,1.96,3.29,75.84,36.64,78.68
Length48c,2,3.77,3.92,5.44,88.39,46.13,88.89
Length48c,3,5.54,6.86,8.82,87.76,51.1,88.59
Length48c,4,10.42,5.39,11.73,9.96,27.36,28.99
Length48c,5,4.88,4.9,6.91,83.97,45.15,85.75
Length48c,6,3.67,0.98,3.8,60.97,14.94,62.04
Length49,1,4.5,5.39,7.02,66.5,50.16,75.2
Length49,2,8.42,5.39,10,28.15,32.64,42.06
Length49,3,7.01,4.9,8.55,40.11,34.98,51.2
Length49,4,5.8,5.39,7.92,52.59,42.91,63.58
Length49,5,4.51,5.39,7.03,48.81,50.08,65
Length49,6,6.32,6.37,8.97,67.64,45.25,74.46
Length49b,1,2.23,1.47,2.68,63.35,33.35,68
Length49b,2,5.19,5.88,7.84,31.55,48.6,55.7
Length49b,3,10.48,4.41,11.37,32.04,22.83,38.63
Length49b,4,5.14,3.92,6.47,79.17,37.32,81.41
Length49b,5,4.54,0,4.54,52.7,0,52.7
Length49b,6,5.19,0.98,5.28,18.04,10.7,20.88
Length49b,7,1.89,0.49,1.96,39.12,14.51,41.32
Length49c,1,2.68,6.21,6.76,43.67,66.62,73.32
Length49c,2,3.36,0.16,3.37,44.09,2.78,44.16
Length49c,3,2.49,4.41,5.07,61.64,60.57,76.5
Length49c,4,3.55,0.16,3.55,8.8,2.64,9.18
Length49c,5,8.41,4.9,9.73,38.43,30.25,47.41
Length49c,6,8.24,8.82,12.07,63.56,46.97,72.31
Length49c,7,4.2,4.74,6.33,61.43,48.47,71.51
Length49c,8,11.34,8.33,14.08,27.57,36.3,44.41
Length49c,9,0.98,1.47,1.77,68.48,56.3,78.25
Length49c,10,3.08,2.78,4.15,73.72,42.04,77.98
Length49c,11,1.12,1.47,1.85,61.62,52.63,73.23
Length49c,12,3.24,1.47,3.56,47.06,24.39,51.65
Length49c,13,8.1,3.76,8.93,69.33,24.88,71.33
Length49d,1,4.25,1.47,4.5,59.1,19.08,60.97
Length49d,2,2.83,1.96,3.44,60.79,34.7,66.35
Length49d,3,3.2,2.94,4.35,54.88,42.57,64.94
Length49d,4,2.4,0.98,2.59,53.8,22.22,56.86
Length49d,5,2.39,1.96,3.09,51,39.34,60.87
Length49e,1,5.8,3.43,6.74,50.13,30.61,56.52
Length49e,2,1.49,0.49,1.57,39.57,18.25,42.94
Length49e,3,3.53,0.49,3.57,69.11,7.9,69.31
Length49e,4,1.68,0.98,1.95,53.06,30.26,58.73
Length49e,5,12.05,5.39,13.2,25.66,24.11,34.64
Length49e,6,4.36,9.8,10.73,61.28,66.04,78.75
Length49e,7,11.66,7.84,14.05,18.44,33.92,38.08
Length50,1,4.44,2.94,5.32,44.79,33.55,53.74
Length50,2,2.79,1.47,3.16,69.86,27.78,72.27
Length50,3,5.24,4.9,7.17,48.31,43.11,60.95
Length50,4,2.76,0.98,2.93,31.31,19.55,36.38
Length50,5,8.47,3.92,9.34,45.95,24.84,50.88
Length50,6,2.72,1.47,3.09,51.38,28.37,56.69
Length50,7,7.81,1.96,8.05,41.09,14.1,43.03
Length50,8,5.12,3.43,6.16,26.01,33.84,41.72
Length50,9,7.29,3.92,8.28,43.06,28.28,49.95
Length50,10,5.46,1.96,5.8,33.88,19.75,38.62
Length50,11,4.9,2.94,5.72,20.15,30.97,36.39
Length50,12,8.82,6.37,10.88,13.99,35.84,38.13
Length50,13,3.36,2.45,4.16,31.98,36.07,46.72
Length51,1,4.82,1.96,5.2,44.57,22.14,48.71
Length51,2,6.91,3.43,7.72,89.38,26.4,89.45
Length51,3,6.44,4.41,7.81,71.67,34.4,74.96
Length51,4,8.76,9.31,12.78,72.17,46.77,77.9
Length51,5,5.16,1.96,5.52,20.73,20.8,29.04
Length51b,1,6.79,2.45,7.22,79.21,19.85,79.86
Length51b,2,5.12,6.37,8.18,56.86,51.2,69.97
Length51b,3,2.1,0.98,2.32,80.32,24.99,81.23
Length51b,4,4.65,2.94,5.5,64.64,32.32,68.78
Length51b,5,8.03,3.92,8.94,53.74,26.02,57.9
Length51b,6,10.12,0.49,10.13,84.54,2.77,84.54
Length51b,7,6.36,0.49,6.38,87.18,4.41,87.19
Length51b,8,4.01,0.49,4.04,79.12,6.98,79.2
Length51b,9,7.62,0,7.62,79.89,0,79.89
Length51c,1,7.46,1.31,7.57,60.79,9.94,61.27
Length51c,2,2.51,0.65,2.59,66.58,14.61,67.38
Length51c,3,9.22,6.7,11.39,42.55,36.02,53.43
Length51c,4,7.96,0.33,7.97,4.54,2.35,5.11
Length51d,1,4.73,0.49,4.75,54.53,5.92,54.74
Length51d,2,5.45,0.98,5.53,81.01,10.21,81.16
Length51d,3,9.21,0.98,9.27,81.8,6.07,81.84
Length51d,4,2.95,0.49,2.99,51.88,9.44,52.49
Length51d,5,7.43,2.45,7.82,37.73,18.26,41.31
Length51d,6,4.79,3.92,6.19,37.12,39.33,51.92
Length51d,7,7.92,5.39,9.58,41.97,34.23,52.07
Length51d,8,3.43,0,3.43,24.34,0,24.34
Length51d,9,1.67,0.49,1.74,28.93,16.37,32.88
Length52,1,6.77,5.39,8.65,71.44,38.55,75.58
Length52,2,7.76,2.94,8.3,76.87,20.76,77.74
Length52,3,3.24,1.47,3.56,70.32,24.39,72.14
Length52,4,5.46,0,5.46,33.15,0,33.15
Length52,5,3.06,3.92,4.98,43.42,52.01,63.45
Length52,6,5.18,1.47,5.38,69.1,15.86,69.93
Length52,7,1.21,2.45,2.73,71.01,63.82,81.75
Length53,1,2.33,0.49,2.39,56.1,11.86,56.92
Length53,2,5.14,5.39,7.45,55.03,46.36,66.7
Length53,3,12.04,8.33,14.65,43.7,34.68,53.52
Length53,4,5.02,6.86,8.5,22.25,53.8,56.86
Length53,5,1.84,1.47,2.35,40.78,38.67,53.76
Length53,6,3.67,1.96,4.16,2.99,28.13,28.28
Length53,7,11.1,4.9,12.13,28.97,23.84,36.84
Length53,8,8.72,9.8,13.12,67.97,48.34,75.56
Length54,1,3.53,2.45,4.3,6.08,34.78,35.24
Length54,2,3.15,1.47,3.48,81.51,25,82.31
Length54,3,3.46,3.43,4.88,42.6,44.73,58.47
Length54,4,3.13,2.45,3.98,84,38.04,85.28
Length54,5,3.5,4.9,6.03,56.28,54.45,71.17
Length54,6,5.54,2.94,6.27,15.28,27.97,31.57
Length54,7,1.99,0.49,2.05,71.27,13.86,71.83
Length54,8,7.66,7.84,10.96,46.23,45.68,61.09
Length54,9,2.76,5.39,6.06,75.41,62.88,83.41
Length55,1,2.95,0.33,2.97,76.69,6.31,76.78
Length55,2,3.12,0.33,3.14,4.19,5.98,7.3
Length55,3,3.15,7.68,8.3,16.09,67.68,68.6
Length55,4,9.28,6.21,11.16,73.46,33.79,76.32
Length55,5,8.76,7.84,11.76,40.19,41.83,55.3
Length55,6,5.76,1.47,5.95,44.52,14.32,46.3
Length55b,1,3.45,3.27,4.75,72.02,43.49,77.06
Length55b,2,6.77,7.68,10.24,70.99,48.61,77.57
Length55b,3,5.22,4.74,7.05,21.57,42.26,46.51
Length55b,4,10.71,3.27,11.2,8.26,16.97,18.82
Length55b,5,3.76,1.31,3.98,83.55,19.18,83.91
Length55b,6,7.17,8.66,11.24,9.27,50.37,50.99
Length55b,7,8.89,5.88,10.66,25.36,33.5,41.11
Length55b,8,4.09,9.31,10.17,72.51,66.31,83.06
Length55b,9,2.89,1.96,3.49,17.4,34.16,37.85
Length55b,10,2.97,1.8,3.47,61.09,31.16,65.56
Length55c,1,4.07,0.98,4.19,41.23,13.53,43.01
Length55c,2,5.37,3.43,6.37,57.26,32.59,62.89
Length55c,3,2.23,6.86,7.22,34.52,72.02,75.27
Length55c,4,5.53,6.86,8.81,35.71,51.13,59.37
Length55c,5,0.98,0,0.98,78.58,0,78.58
Length55c,6,1.3,0.98,1.63,82.72,36.98,84.19
Length55c,7,7.45,2.78,7.95,35.13,20.45,39.98
Length55c,8,5.44,1.96,5.78,58.74,19.84,60.78
Length55d,1,7.14,1.47,7.29,56.26,11.64,57.04
Length55d,2,8,0.98,8.06,24.29,6.99,25.22
Length55d,3,5.1,3.92,6.43,20.68,37.55,42.12
Length55e,1,1.49,1.96,2.46,61.09,52.84,73.02
Length55e,2,11.52,7.68,13.85,50.02,33.68,57.68
Length55e,3,1.34,0.82,1.57,27.4,31.38,40.71
Length55e,4,8.98,2.29,9.26,37.09,14.3,39.37
Length55e,5,7.12,4.74,8.55,42.07,33.66,51.84
Length55e,6,9.3,4.9,10.51,70.22,27.8,72.58
Length55e,7,4.24,0.33,4.25,20.39,4.41,20.84
Length55e,8,9.08,8.82,12.66,70.93,44.19,76.45
Length55e,9,6.07,2.45,6.55,37.99,21.98,43.04
Length55f,1,3.49,1.96,4,77.07,29.32,78.74
Length55f,2,7,2.94,7.59,55.8,22.8,58.79
Length55f,3,2.46,3.43,4.22,1.13,54.4,54.4
Length55f,4,2.74,2.45,3.68,9.8,41.82,42.75
Length55f,5,11.83,2.45,12.08,22.33,11.71,25.08
Length55f,6,6.67,4.9,8.28,10.87,36.32,37.69
Length56,1,1.6,0.98,1.88,72.52,31.42,75.14
Length56,2,2.8,4.41,5.22,82.23,57.64,85.85
Length56,3,2.43,1.31,2.76,1.46,28.27,28.31
Length56,4,2.43,2.78,3.69,14.5,48.81,50.39
Length56,5,13.57,4.9,14.43,63.95,19.86,65.61
Length56,6,4.56,2.94,5.43,58.51,32.83,63.96
Length56,7,7.29,3.92,8.27,29.32,28.29,39.85
Length56,8,3.01,1.96,3.59,88.73,33.12,88.94
Length56,9,10.73,3.43,11.27,86.81,17.73,86.97
Length56,10,1.76,1.96,2.63,33.54,48.1,56.18
Length56,11,4.53,1.96,4.93,44.45,23.42,49.08
Length56,12,3.65,2.45,4.4,66.67,33.89,70.81
Length56,13,2.53,0.65,2.61,17.89,14.48,22.86
Length56b,1,2.72,2.29,3.56,0.77,40.04,40.04
Length56b,2,6.39,2.78,6.97,40.64,23.49,45.9
Length56b,3,2.58,1.47,2.97,12.4,29.72,31.98
Length56b,4,1.53,0.33,1.57,27.86,12.04,30.16
Length56b,5,2.99,2.94,4.2,17.99,44.5,47.28
Length56b,6,7.38,4.41,8.6,36.46,30.87,46.35
Length56b,7,1.15,0.16,1.16,49.28,8.1,49.77
Length56b,8,7.23,3.92,8.22,55.3,28.49,59.98
Length56b,9,2.06,1.47,2.53,42.46,35.54,53.11
Length56c,1,4.25,3.43,5.46,37.68,38.95,52.01
Length56c,2,1.17,0.98,1.53,52.98,39.94,62.51
Length56c,3,6.49,5.88,8.76,40.83,42.2,55.9
Length56c,4,1.77,1.47,2.3,77.42,39.74,80.36
Length56c,5,7.22,6.37,9.63,37.79,41.43,53.66
Length56d,1,2.96,2.29,3.74,73.2,37.66,76.78
Length56d,2,2.73,3.43,4.39,2.2,51.45,51.49
Length56d,3,1.96,0.98,2.19,42.73,26.56,48.93
Length56e,1,5.19,3.43,6.22,11.42,33.45,35.13
Length56e,2,6.64,2.94,7.26,54.12,23.9,57.6
Length56e,3,1.52,0.98,1.81,42.55,32.83,51.75
Length56e,4,3.4,2.94,4.49,60.41,40.9,68.09
Length56e,5,1.59,0.49,1.67,64.37,17.1,65.58
Length56f,1,6.34,3.43,7.21,51.27,28.41,56.61
Length56f,2,5.16,3.92,6.48,16.53,37.25,40.26
Length57,1,7.81,5.88,9.78,3.23,36.99,37.11
Length57,2,2.74,2.94,4.02,18.49,47.04,49.73
Length57,3,1.59,0,1.59,61.89,0,61.89
Length57,4,2.03,1.47,2.51,85.29,35.93,86.19
Length57,5,7.69,3.43,8.43,81.06,24.03,81.84
Length57,6,8.52,6.37,10.64,58.62,36.8,65.36
Length57,7,11.48,2.94,11.85,0.13,14.37,14.37
Length57,8,3.47,1.47,3.77,36.31,22.98,42.11
Length57,9,1.21,0.49,1.3,35.77,22.14,41.27
Length57b,1,7.63,2.29,7.97,44.74,16.69,47.12
Length57b,2,1.15,0.33,1.19,63.34,15.88,64.43
Length57b,3,2.46,0.49,2.51,48.09,11.26,49.07
Length57b,4,1.86,1.31,2.28,57.28,35.04,63.73
Length57b,5,3.6,2.45,4.36,10.43,34.23,35.6
Length57b,6,1.55,5.72,5.93,80.25,74.83,87.46
Length57b,7,4.97,5.39,7.33,59.4,47.34,69.82
Length57b,8,5.53,2.94,6.26,35.07,28.02,43.74
Length57b,9,5.06,2.29,5.55,19.6,24.32,30.86
Length57b,10,0.97,0.33,1.02,59.4,18.69,61.17
Length57b,11,1.99,0.65,2.09,10.28,18.21,20.82
Length58i,1,7.51,4.41,8.71,14.19,30.42,33.28
Length58i,2,3.97,2.45,4.67,4.19,31.67,31.92
Length58i,3,3.42,2.94,4.51,32.13,40.69,50.05
Length58i,4,6.53,4.9,8.17,67.19,36.89,71.94
Length58i,5,3.41,1.96,3.93,84.77,29.91,85.47
Length58j,1,6.2,5.39,8.22,27.51,41.02,48
Length58j,2,1.52,0.98,1.81,21.33,32.75,38.42
Length58j,3,7.09,5.88,9.21,80.57,39.7,82.76
Length58j,4,2.99,5.88,6.6,87.28,63.06,88.77
Length58j,5,9.08,3.43,9.7,28.25,20.71,34.51
Length58j,6,3.21,4.9,5.86,77.92,56.78,83.42
Length58k,1,2.35,2.45,3.39,75.55,46.24,80.06
Length58k,2,2.08,2.45,3.21,84.69,49.74,86.57
Length58k,3,3.65,1.47,3.94,84.75,21.92,85.13
Length58k,4,3.96,2.45,4.66,57.6,31.76,62.9
Length58k,5,3.1,1.96,3.67,53.01,32.27,59.42
Length58k,6,5.37,3.43,6.37,30.95,32.58,43.72
Length58k,7,5.53,3.92,6.78,19.73,35.32,39.82
Length58k,8,4.55,2.94,5.42,65.44,32.88,69.57
Length58k,9,6.92,4.41,8.21,22.79,32.53,38.98
Length58k,10,6.19,4.9,7.89,23.18,38.39,43.9
Length58k,11,1.76,1.47,2.29,80.58,39.89,82.78
Length59,1,6.99,3.43,7.78,23.05,26.16,34.32
Length59,2,1.81,3.43,3.88,49.75,62.17,72.45
Length59,3,3.82,5.88,7.01,70.52,57.02,79.54
Length59,4,8.16,3.92,9.05,23.74,25.67,34.41
Length59,5,6.54,6.86,9.48,33.05,46.36,54.66
Length59,6,2.6,1.47,2.98,74.99,29.52,76.97
Length59,7,4.79,2.45,5.38,82.71,27.12,83.52
Length59,8,7.32,1.47,7.47,14.52,11.36,18.36
Length59,9,2.16,2.45,3.27,48.7,48.6,64.12
Length59,10,2.86,1.96,3.47,77.74,34.44,79.92
Length59b,1,3.74,0.98,3.87,9.22,14.68,17.28
Length59b,2,1.69,1.47,2.24,43.77,41,56.98
Length59b,3,5.59,2.45,6.1,19.17,23.67,30.11
Length59b,4,1.51,0.98,1.8,78.85,32.94,80.66
Length59b,5,8.72,5.39,10.25,8.69,31.74,32.79
Length59b,6,3.91,3.92,5.54,75.47,45.11,79.8
Length59b,7,7.04,2.45,7.45,5.19,19.21,19.87
Length59b,8,9.33,6.86,11.58,68.28,36.34,72.66
Length59b,9,4.5,2.94,5.37,80.74,33.18,82.26
Length59b,10,3.82,0,3.82,41.2,0,41.2
Length59b,11,2.14,0,2.14,43.06,0,43.06
Length59c,1,3.84,4.9,6.23,79.03,51.9,83.26
Length59c,2,3.08,4.41,5.38,81.54,55.05,85.17
Length59c,3,2.03,0.49,2.09,40.18,13.58,42.04
Length59c,4,2.51,1.47,2.91,50.09,30.39,56.39
Length59c,5,8.28,2.94,8.79,46.97,19.55,49.98
Length59c,6,5.52,6.37,8.43,67.34,49.08,75.38
Length59c,7,1.79,0.98,2.04,57.99,28.66,62.28
Length59c,8,1.46,0.98,1.75,63.43,33.96,68.23
Length59c,9,7.35,2.45,7.75,70.47,18.44,71.51
Length59c,10,2.12,1.47,2.58,12.98,34.79,36.85
Length59c,11,7.41,3.92,8.38,57.38,27.9,61.55
Length60,1,4.26,0.49,4.29,42.74,6.57,43.14
Length60,2,6.28,2.94,6.94,81.88,25.09,82.65
Length60,3,10.83,5.39,12.1,64.08,26.46,66.97
Length60,4,7.19,6.86,9.94,34.9,43.66,53.61
Length60,5,1.44,1.96,2.43,61.65,53.79,73.71
Length60,6,3.86,3.43,5.16,49.69,41.66,61.1
Length60b,1,9.45,9.31,13.27,59.58,44.57,68.85
Length60b,2,7.77,2.94,8.31,28.38,20.73,34.63
Length60b,3,1.21,2.45,2.73,73.23,63.82,82.69
Length60b,4,3.83,1.96,4.31,37.12,27.08,44.77
Length60b,5,2.07,2.45,3.21,3.05,49.75,49.82
Length60b,6,6.45,3.43,7.3,61.79,28.03,65.34
Length60b,7,8,0.49,8.02,82.64,3.5,82.66
Length60b,8,6.55,2.94,7.18,1.01,24.19,24.21
Length60c,1,5.96,2.94,6.65,80.74,26.26,81.7
Length60c,2,1.87,0.98,2.12,76.8,27.61,78.32
Length60c,3,3.51,5.39,6.44,36.55,56.91,63.98
Length60c,4,11.31,2.94,11.68,67.64,14.58,68.4
Length60c,5,1.59,0,1.59,80.65,0,80.65
Length60d,1,8.59,2.94,9.08,64.32,18.89,65.8
Length60d,2,1.73,0,1.73,78.56,0,78.56
Length60d,3,2.38,1.47,2.8,67.32,31.72,70.86
Length60d,4,3.33,1.47,3.64,46.82,23.82,51.25
Length61,1,4.19,0.98,4.3,70.49,13.17,71.02
Length61,2,13.65,4.41,14.35,15.89,17.91,23.77
Length61,3,4.98,1.96,5.35,3.19,21.48,21.71
Length61,4,2.78,1.96,3.41,2.25,35.15,35.21
Length61,5,2.93,2.94,4.15,7.17,45.12,45.56
Length61,6,2.54,2.94,3.89,82.54,49.2,85.13
Length61,7,6.34,7.35,9.71,64.75,49.22,73.82
Length61,8,1.23,2.94,3.19,66.3,67.23,81.05
Length61,9,3.46,2.94,4.54,6.07,40.33,40.71
Length61,10,11.15,6.86,13.1,63.45,31.6,67.62
Length61,11,5.19,5.88,7.85,67.25,48.55,75.17
Length61,12,8.64,4.41,9.7,83.77,27.06,84.45
Length62,1,5.22,0,5.22,40.98,0,40.98
Length62,2,1.42,0,1.42,43.9,0,43.9
Length62,3,4.15,3.43,5.39,8.84,39.56,40.37
Length62,4,4.56,8.82,9.93,70.2,62.66,81.05
Length62,5,8.39,3.43,9.07,21.73,22.24,30.7
Length62,6,8.44,7.84,11.52,19.05,42.9,46.18
Length62,7,5.62,3.43,6.58,76.26,31.42,78.3
Length62,8,3.92,2.45,4.63,73.98,32,76.46
Length62,9,8.53,3.92,9.39,32.58,24.69,40.04
Length62b,1,2.17,2.45,3.27,44.25,48.54,61.69
Length62b,2,5.89,5.39,7.99,3.9,42.45,42.6
Length62b,3,2.95,2.45,3.83,9.31,39.74,40.64
Length62b,4,8.18,2.45,8.54,14.04,16.68,21.68
Length62b,5,2.58,1.96,3.24,46.36,37.28,56.69
Length62b,6,5.55,0.98,5.63,28.98,10.02,30.52
Length62b,7,6.29,10.29,12.07,62.96,58.56,76.28
Length62b,8,8.52,1.96,8.74,2.67,12.96,13.23
Length62b,9,8.29,2.45,8.65,21.73,16.46,27.02
Length62b,10,1.73,0.98,1.99,62.16,29.53,66.02
Length62c,1,6.17,2.45,6.64,59.62,21.67,61.97
Length62c,2,4.8,1.47,5.02,17.07,17.04,23.94
Length62c,3,5.48,2.45,6,76.98,24.1,78.13
Length62d,1,1.4,0.33,1.43,58.2,13.18,59.13
Length62d,2,1.88,2.29,2.96,83.84,50.63,86.09
Length62d,3,2.14,2.78,3.51,23.27,52.4,55.91
Length62d,4,6.14,3.92,7.28,2.18,32.58,32.64
Length62d,5,4.36,8.82,9.84,41.7,63.68,70.67
Length62d,6,8.41,5.39,9.99,28.73,32.68,42.43
Length62d,7,4.14,1.96,4.58,12.71,25.34,28.16
Length62d,8,6.88,2.45,7.3,22.14,19.61,29.24
Length62d,9,6.35,8.66,10.74,47.71,53.75,66.55
Length62e,1,3.38,4.41,5.56,6.68,52.51,52.81
Length62e,2,5.39,1.47,5.59,20.33,15.26,25.23
Length62e,3,3.95,5.39,6.69,72.74,53.74,79.89
Length62e,4,7.53,2.94,8.08,42.53,21.34,46.66
Length62f,1,2.35,3.92,4.57,16.97,59.07,60.55
Length62f,2,14.08,3.27,14.45,24.11,13.07,27.24
Length62f,3,4.14,2.45,4.81,6.71,30.61,31.27
Length62f,4,3.7,3.92,5.39,40.17,46.64,58.36
Length62f,5,1.66,1.47,2.22,69.12,41.58,74.54
Length62f,6,6.33,5.39,8.32,78.04,40.41,80.92
Length62f,7,4.32,7.35,8.53,47.14,59.56,69.84
Length62f,8,4.98,2.45,5.55,67.14,26.22,69.61
Length62f,9,3.51,6.86,7.71,20.14,62.88,64.66
Length62f,10,11.18,4.41,12.02,52.44,21.54,55.46
Length62f,11,2.07,1.47,2.54,83.29,35.38,84.53
Length62f,12,2.01,1.47,2.49,64.08,36.25,69.36
Length62f,13,1.98,1.47,2.46,78.83,36.66,81.06
Length62g,1,14.08,3.92,14.61,23.55,15.57,27.98
Length62g,2,3.67,6.86,7.78,17.92,61.88,63.36
Length62g,3,8.3,3.43,8.98,36.73,22.46,42.21
Length62g,4,8.7,6.37,10.78,24.95,36.23,43
Length62g,5,8.64,3.92,9.49,59.5,24.41,62.47
Length62g,6,11.07,6.86,13.02,78.6,31.8,80.33
Length62g,7,11.3,3.92,11.96,52.95,19.14,55.31
Length63,1,2.16,0.65,2.25,33.99,16.87,37.49
Length63,2,4.79,2.78,5.54,36.07,30.1,45.63
Length63,3,9.11,1.8,9.29,3.65,11.16,11.73
Length63,4,5.15,1.8,5.46,69.59,19.23,70.78
Length63,5,7.7,6.21,9.89,81.28,38.89,83.22
Length63,6,8.15,5.72,9.95,33.03,35.07,46.67
Length63,7,2.35,1.31,2.69,46.05,29.08,52.66
Length63,8,5.74,5.23,7.76,19.83,42.33,45.94
Length63,9,6.45,0.82,6.51,0.32,7.21,7.22
Length63,10,1.84,1.8,2.57,61.53,44.37,70.08
Length63,11,2.71,1.8,3.25,69.44,33.54,72.98
Length63b,1,10.7,6.7,12.63,86.4,32.04,86.95
Length63b,2,12.84,4.9,13.74,50.58,20.89,53.61
Length63b,3,2.61,1.47,3,18.02,29.38,34.04
Length63b,4,7.29,4.9,8.78,18.81,33.93,38.24
Length63b,5,1.15,0.98,1.51,63.08,40.49,69.86
Length63b,6,5.66,0.49,5.68,3.3,4.95,5.95
Length63c,1,1.57,0.16,1.58,46.31,5.93,46.6
Length63c,2,4.2,1.31,4.4,74.72,17.3,75.43
Length63c,3,14.05,5.72,15.17,86.49,22.14,86.75
Length63c,4,5.4,0.16,5.4,4.49,1.73,4.81
Length63c,5,3.74,3.43,5.08,54.31,42.54,64.54
Length64,1,1.52,3.43,3.75,63.2,66.05,79.45
Length64,2,5.8,5.39,7.92,16.63,42.92,45.44
Length64,3,10,2.94,10.43,14.87,16.38,21.99
Length64,4,4.34,2.94,5.25,35.71,34.1,47.75
Length64,5,2.2,0.49,2.26,53.8,12.55,54.8
Length65,1,4.74,0.33,4.75,33.53,3.94,33.73
Length65,2,3.04,1.31,3.31,11.82,23.27,25.95
Length65,3,6.32,2.45,6.78,43.97,21.2,47.86
Length65,4,11.55,7.84,13.96,18.53,34.17,38.33
Length65,5,4.87,1.31,5.04,1.19,15.02,15.07
Length65,6,2.53,1.31,2.84,20.57,27.35,33.74
Length65,7,3.83,3.43,5.15,83.86,41.82,85.42
Length65,8,1.3,1.96,2.35,72.42,56.42,80.38
Length66,1,3.27,1.47,3.59,46.29,24.2,50.93
Length66,2,1.66,0,1.66,60.4,0,60.4
Length67,1,4.3,6.37,7.69,48.06,55.97,68.03
Length67,2,4.36,1.96,4.78,58.51,24.21,61.55
Length67,3,2.04,0.98,2.26,64.33,25.7,67.02
Length67,4,7.24,0.98,7.3,1.12,7.72,7.8
Length67,5,7.89,4.41,9.04,40.54,29.21,48.45
Length67b,1,2.73,3.43,4.39,43.8,51.45,63.27
Length67b,2,4.15,3.43,5.39,86.08,39.56,86.98
Length67b,3,9.06,5.88,10.8,31.12,32.99,44.11
Length67b,4,10.52,6.86,12.56,58.11,33.13,63.74
Length67b,5,6.47,3.92,7.57,89.87,31.21,89.88
Length67b,6,3.2,0.49,3.23,22.29,8.72,23.85
Length67b,7,4.73,2.94,5.57,10.74,31.85,33.43
Length67b,8,7.14,5.88,9.25,12.68,39.49,41.15
Length67c,1,6.62,0.49,6.63,46.18,4.24,46.33
Length67c,2,7.04,1.96,7.31,38.27,15.56,40.86
Length67c,3,7.25,0.49,7.27,75.17,3.87,75.2
Length67c,4,4.64,0,4.64,48.86,0,48.86
Length67c,5,4.41,0.49,4.44,11.06,6.34,12.73
Length67c,6,2.49,0,2.49,58.74,0,58.74
Length67c,7,7.23,4.41,8.47,83.35,31.4,84.33
Length67c,8,9.72,6.37,11.62,0.6,33.26,33.27
Length67c,9,8.12,3.92,9.02,29.69,25.77,38.53
Length67c,10,2.64,0.49,2.69,13.21,10.51,16.82
Length67c,11,1.05,0,1.05,77.17,0,77.17
Length68,1,2.38,3.43,4.18,9.63,55.26,55.82
Length68,2,2.11,0.98,2.33,85.91,24.91,86.3
Length68,3,5.93,4.41,7.39,7.22,36.63,37.24
Length68,4,6.61,2.94,7.24,16.13,23.97,28.63
Length68,5,2.7,0,2.7,87.17,0,87.17
Length68c,1,8.67,5.39,10.21,57.84,31.87,63.12
Length68c,2,5.33,2.45,5.86,66.22,24.71,68.51
Length68c,3,7.1,6.86,9.87,83.73,44.04,85.5
Length68c,4,2.57,2.45,3.55,1.05,43.67,43.68
Length69,1,2.33,0.49,2.39,22.51,11.86,25.3
Length69,2,1.24,0.49,1.34,56.67,21.54,59.26
Length69,3,4.69,0.98,4.79,82.86,11.81,83.01
Length69,4,1.42,0,1.42,70.71,0,70.71
Length69,5,5,1.47,5.21,26.99,16.39,31.26
Length69,6,2.56,1.47,2.95,47.37,29.87,54.03
Length69,7,1.49,1.47,2.09,34.87,44.7,54.32
Length69,8,10.15,4.41,11.06,37.62,23.5,43.42
Length69,9,4.14,2.45,4.81,3.54,30.63,30.81
Length69b,1,9.11,3.27,9.68,57.1,19.74,59.26
Length69b,2,3.13,0.98,3.28,55.37,17.41,57.16
Length69b,3,9.43,7.84,12.26,69.7,39.76,74.53
Length69b,4,4,4.9,6.33,48.32,50.78,65.14
Length69b,5,1.57,2.45,2.91,62.14,57.28,75.37
Length69b,6,3.58,3.92,5.31,14.2,47.62,49.19
Length70,1,5.32,2.94,6.08,20,28.95,34.69
Length70,2,5.47,8.33,9.97,26.21,56.74,60.53
Length70,3,6.64,7.84,10.27,75.81,49.76,80.89
Length70,4,2.71,2.45,3.65,88.41,42.17,88.82
Length70,5,4.78,2.45,5.37,61.6,27.14,64.95
Length70,6,2.93,1.47,3.28,62.76,26.67,65.86
Length70,7,6.19,2.45,6.66,76.91,21.61,77.84
Length70,8,9.62,3.92,10.39,57.7,22.17,60.34
Length70b,1,1.07,1.47,1.82,87.17,53.93,88.33
Length70c,1,9.2,3.43,9.82,51.45,20.44,54.28
Length71,1,5.27,9.31,10.7,49.71,60.52,71.44
Length71,2,2.07,0.98,2.29,71.9,25.34,73.69
Length71,3,10.36,4.41,11.26,17.57,23.06,28.69
Length71,4,11.17,4.9,12.2,12.74,23.69,26.73
Length71b,1,6.67,2.45,7.1,45.86,20.19,49.19
Length71b,2,3.89,1.47,4.16,46.03,20.71,49.5
Length71b,3,1.82,0,1.82,46.61,0,46.61
Length71b,4,7.23,9.31,11.79,56.4,52.17,70.16
Length71b,5,4.39,2.45,5.02,38.06,29.2,46.58
Length71b,6,3.89,5.39,6.65,8.71,54.2,54.68
Length72,1,6.22,4.41,7.62,47.7,35.37,56.71
Length72,2,2.61,0.98,2.79,7.24,20.57,21.76
Length72,3,2.38,0.98,2.58,48.45,22.36,52.16
Length72,4,2.86,1.31,3.15,85.94,24.54,86.3
Length72,5,11.66,1.8,11.8,18.76,8.76,20.64
Length72,6,3.13,2.94,4.29,21.98,43.23,47.5
Length72,7,10.35,8.17,13.19,71.32,38.28,75.44
Length72b,1,4.17,3.43,5.4,82.99,39.46,84.59
Length72b,2,2.59,2.94,3.92,79.77,48.67,83.27
Length72b,3,3.04,7.35,7.96,71.86,67.56,83.18
Length72b,4,1.57,0.98,1.85,85.82,31.93,86.45
Length72c,1,7.07,4.74,8.51,84.63,33.83,85.54
Length72c,2,3.45,1.8,3.89,18.29,27.51,32.64
Length72c,3,9.52,7.19,11.93,41.02,37.07,52.99
Length72c,4,14.35,3.27,14.71,31.94,12.83,34.17
Length72c,5,5.16,5.72,7.7,86.08,47.96,87.38
Length72d,1,4.6,3.92,6.04,73.6,40.47,77.6
Length72d,2,2.74,3.43,4.39,36.87,51.43,60.08
Length72d,3,1.49,0.49,1.57,32.83,18.22,37.05
Length72d,4,3.45,0.49,3.49,82.09,8.09,82.17
Length72d,5,3.86,1.47,4.13,4.83,20.85,21.38
Length72d,6,3.94,0.98,4.06,13.42,13.96,19.27
Length72d,7,5.82,0.49,5.84,2.87,4.82,5.6
Length72d,8,3.17,5.88,6.68,39.85,61.71,68.66
Length72d,9,11.16,4.9,12.19,54.03,23.72,57.47
Length73,1,9.08,0.98,9.13,35.79,6.16,36.24
Length73,2,1.33,0,1.33,35.88,0,35.88
Length73,3,4.75,1.47,4.98,47.68,17.19,49.97
Length73,4,3.32,0.98,3.46,70.01,16.47,70.86
Length73,5,6,6.37,8.75,38.42,46.71,57.5
Length73,6,7.7,2.45,8.08,76.36,17.66,77.02
Length73,7,1.76,3.43,3.85,52.98,62.89,74.08
Length73,8,9.32,2.94,9.77,83.72,17.52,84.01
Length74,1,3.66,0.98,3.79,56.35,15,57.64
Length74,2,4.6,1.96,5,2.41,23.07,23.19
Length74,3,4.91,0.49,4.94,9.12,5.7,10.74
Length74,4,6.89,1.47,7.05,38.06,12.04,39.65
Length74,5,5.42,1.47,5.62,63.86,15.17,64.84
Length74,6,3.02,4.41,5.35,44.63,55.57,66.28
Length74,7,1.79,1.96,2.65,51.86,47.61,65.39
Length74,8,5.59,0.98,5.67,22.32,9.95,24.33
Length74,9,1.42,0.49,1.5,77.75,19.01,78.43
Length74,10,10.28,6.86,12.36,9.43,33.72,34.86
Length74,11,1.74,0.49,1.81,72.57,15.76,73.24
Length74,12,2.03,0.98,2.25,89.2,25.77,89.28
Length74,13,4.96,2.45,5.53,5.58,26.31,26.85
Length74b,1,7.16,9.31,11.74,17.23,52.47,54.42
Length74b,2,3.43,3.92,5.21,17.01,48.86,51.02
Length74b,3,2.77,1.96,3.39,83.7,35.32,84.86
Length74b,4,1.52,0.49,1.6,28.89,17.88,33.56
Length75,1,2.1,0.49,2.16,87.4,13.15,87.47
Length75,2,2.8,1.96,3.42,81.11,35.04,82.73
Length75,3,2.01,4.9,5.3,87.08,67.75,88.9
Length75b,1,5.11,2.94,5.9,62.32,29.92,66.25
Length75b,2,9.44,8.82,12.92,41.99,43.07,57.12
Length75b,3,1.79,0,1.79,15.76,0,15.76
Length75b,4,4.68,0.49,4.7,30.34,5.98,30.87
Length75b,5,7.92,5.39,9.58,55.4,34.25,62
Length75b,6,3.18,1.47,3.5,48.76,24.84,53.25
Length76,1,8.37,0.98,8.43,81.43,6.68,81.49
Length76,2,7.91,7.84,11.14,66.89,44.76,73.82
Length76,3,4.88,1.47,5.1,30.19,16.76,34.14
Length76,4,2.9,0.98,3.06,74.26,18.69,75.11
Length76,5,3.99,1.47,4.25,69.84,20.24,71.13
Length76,6,3.71,0.49,3.74,82.92,7.53,82.99
Length77,1,3.54,0.98,3.67,62.64,15.5,63.71
Length77,2,3.43,0.98,3.56,75.84,15.97,76.4
Length77,3,0.99,0.98,1.39,81.82,44.78,84.2
Length77,4,1.99,0.98,2.22,53.28,26.27,57.58
Length77,5,5.83,1.47,6.01,58.92,14.15,59.96
Length77,6,2.21,1.47,2.66,53.47,33.61,60.28
Length77,7,3.84,1.96,4.31,15.17,27.05,30.73
Length77,8,4.69,2.45,5.29,61.03,27.58,64.58
Length77,9,11.98,7.84,14.32,51.08,33.21,58.29
Length77,10,4,2.45,4.69,56.05,31.48,61.56
Length77,11,2.36,0.98,2.55,64.78,22.6,66.84
Length77,12,5.36,4.41,6.94,25.19,39.45,45.68
Length78,1,5.7,2.94,6.41,67.08,27.29,69.75
Length78,2,2.25,2.45,3.33,69.91,47.41,76.56
Length78,3,1.66,1.96,2.57,46.8,49.77,63.76
Length78,4,3.26,5.39,6.3,23.74,58.87,61.75
Length78,5,3.81,2.45,4.53,15.12,32.78,35.75
Length78,6,3.26,5.39,6.3,66.26,58.87,77.99
Length78b,1,5.8,2.45,6.3,88.52,22.89,88.63
Length78b,2,2.95,1.96,3.54,82.47,33.58,83.73
Length78b,3,2.66,0.98,2.84,43.57,20.21,47.16
Length78b,4,6.74,7.35,9.98,79.86,47.47,83.16
Length78b,5,4.07,3.92,5.65,86.26,43.91,87.3
Length78b,6,2.84,0.98,3.01,37.29,19.01,41.22
Length78b,7,7.66,4.41,8.84,71.03,29.94,73.64
Length78b,8,4.54,2.45,5.16,43.07,28.39,50
Length79,1,1.24,6.37,6.49,69.72,78.95,86.19
Length79,2,2.07,1.47,2.54,36.03,35.39,48.75
Length79,3,3,3.92,4.93,87.57,52.62,88.53
Length79,4,2.73,1.96,3.36,33.25,35.69,47.22
Length79,5,3.46,2.94,4.54,21.68,40.36,44.92
Length79,6,1.55,1.96,2.5,52.04,51.66,67.57
Length79,7,3.56,6.86,7.73,71.57,62.57,81.62
Length79,8,5.35,4.41,6.93,5.94,39.54,39.91
Length79,9,3.49,2.94,4.56,9.97,40.15,41.16
Length80,1,3.08,6.86,7.52,82.59,65.85,86.97
Length80,2,7.14,5.88,9.25,17.3,39.49,42.54
Length80,3,3.09,1.96,3.66,78.54,32.4,80.34
Length80,4,2.36,1.47,2.78,39.88,31.93,49.36
Length80,5,1.11,0.98,1.48,72.5,41.39,76.96
Length80,6,1.8,1.47,2.32,69.77,39.26,74.47
Length80,7,2.83,1.96,3.44,55.27,34.7,62.07
Length80,8,9.89,2.94,10.32,62.33,16.55,63.57
Length80,9,12.31,3.92,12.92,71.94,17.67,72.82
Length80,10,7.65,4.9,9.09,0.79,32.65,32.66
Length80,11,1.67,0.49,1.74,53.31,16.38,55.03
Length80,12,3.15,1.47,3.47,76.24,25.04,77.55
Length80,13,8.3,3.43,8.98,35.45,22.45,41.16
Length80b,1,3.18,0.98,3.33,81.49,17.13,81.87
Length80b,2,9.09,6.37,11.1,25.86,35.04,42.54
Length80b,3,4.21,6.37,7.64,15.06,56.52,57.82
Length80b,4,8.56,7.84,11.61,13.17,42.51,44.13
Length80b,5,4.76,8.82,10.03,10.58,61.64,62.16
Length80b,6,3.61,8.82,9.53,34.31,67.74,71.76
Length80b,7,4.74,5.72,7.43,69.39,50.33,77.02
Length80b,8,1.6,0.49,1.68,52.29,16.98,54.2
Length80b,9,7.02,4.41,8.29,34.78,32.14,45.93
Length80b,10,6.61,3.27,7.37,1.65,26.31,26.35
Length80b,11,4.41,5.39,6.96,27.68,50.73,55.91
Length81,1,2.78,1.47,3.15,75.19,27.87,76.94
Length81,2,6.44,3.92,7.54,27.93,31.32,40.99
Length81,3,5.17,5.88,7.83,46.29,48.68,62.85
Length81,4,3.4,1.47,3.7,80.97,23.4,81.72
Length81,5,3.59,1.47,3.88,52.45,22.29,55.67
Length81,6,9.83,7.84,12.57,79.5,38.59,81.81
Length81,7,2.36,2.45,3.4,22.94,46.08,50.3
Length82,1,7.1,5.88,9.22,20.06,39.63,43.66
Length82,2,3.47,3.43,4.88,28.73,44.66,51.41
Length82,3,7.08,2.94,7.66,33.94,22.57,40
Length82,4,2.71,0.98,2.88,87.5,19.88,87.65
Length83,1,10.51,6.37,12.29,84.21,31.23,85.06
Length83,2,3.53,3.92,5.28,87.14,47.99,88.09
Length83,3,2.7,0.98,2.87,22.92,19.96,30.04
Length83b,1,1.11,0.49,1.21,76.87,23.9,78.02
Length83b,2,2.72,0.49,2.77,71.7,10.21,72
Length83b,3,6.56,2.45,7.01,87.41,20.48,87.58
Length83b,4,7.78,3.43,8.5,78.22,23.81,79.23
Length83b,5,3.54,3.43,4.93,47.38,44.1,60.91
Length83b,6,4.34,3.43,5.54,60,38.3,66.9
Length83b,7,10.41,2.94,10.82,70.61,15.78,71.36
Length83b,8,7.7,3.92,8.64,0.25,26.98,26.98
Length84,1,7.57,6.86,10.22,3.63,42.21,42.33
Length84,2,4.33,0.49,4.36,25.13,6.46,25.89
Length84,3,2.32,0.98,2.52,25.4,22.91,33.69
Length84,4,2.54,0.98,2.73,43.25,21.07,47.18
Length84,5,7.22,4.9,8.73,28.73,34.17,43.49
Length85,1,1.44,0.98,1.74,29.93,34.33,44.3
Length85,2,5.46,2.45,5.98,68.57,24.18,70.53
Length85,3,7.19,2.94,7.77,33.33,22.24,39.34
Length85,4,5.99,5.39,8.06,70.03,41.99,75.3
Length85,5,4.37,1.96,4.79,16.01,24.17,28.72
Length85b,1,8.52,3.43,9.18,47.28,21.95,51.01
Length85b,2,3.9,6.37,7.47,48.86,58.5,69.9
Length85b,3,4.72,1.47,4.95,19.78,17.3,26.04
Length85b,4,1.9,1.47,2.4,24.38,37.76,43.94
Length85b,5,2.69,2.94,3.99,17.33,47.54,49.88
Length85b,6,8.04,3.92,8.95,85.91,25.99,86.32
Length86,1,8.26,4.9,9.6,66.01,30.7,69.54
Length86,2,5.36,5.39,7.6,26.53,45.18,50.9
Length86,3,6.13,4.41,7.55,46.18,35.75,55.81
Length86,4,5.12,8.82,10.2,52.43,59.86,72.17
Length87,1,2.63,0.49,2.67,33.61,10.58,35.05
Length87,2,1.8,0.98,2.05,26.93,28.59,38.47
Length87,3,4.16,2.45,4.83,70.89,30.5,73.62
Length87,4,7.97,6.37,10.21,71.74,38.64,75.83
Length87,5,1.85,0.98,2.1,75.6,27.87,77.3
Length87,6,2.87,0.98,3.04,83.5,18.85,83.85
Length87,7,5.22,1.47,5.42,48.32,15.75,50.2
Length87,8,12.66,3.43,13.11,43.2,15.17,45.28
Length87,9,10.35,2.45,10.63,83.4,13.33,83.58
Length87,10,1.96,1.47,2.45,69.89,36.86,74.03
Length87,11,7.31,1.47,7.45,81.35,11.38,81.52
Length87,12,3.12,5.39,6.23,84.26,59.96,87.13
Length87,13,3.01,6.37,7.05,14.65,64.69,65.57
Length87b,1,5.29,9.31,10.71,74.52,60.41,82.43
Length87b,2,1.36,0,1.36,89.87,0,89.87
Length87b,3,5.59,6.86,8.85,1.82,50.84,50.86
Length87b,4,2.68,1.47,3.06,47.51,28.76,53.69
Length87b,5,3.17,1.47,3.49,42.94,24.92,48.4
Length87b,6,4.72,4.9,6.8,65.28,46.1,73.14
Length87b,7,4.67,3.92,6.1,72.2,40.02,76.46
Length87b,8,2.6,3.92,4.71,37.6,56.45,64.03
Length87b,9,1.27,2.94,3.2,88.76,66.7,89.51
Length87b,10,10.05,2.94,10.47,75.6,16.31,76.19
Length87c,1,8.28,4.41,9.38,58.45,28.05,62.49
Length87c,2,1.46,1.96,2.45,49.89,53.29,67.35
Length87c,3,3.52,1.47,3.82,28.35,22.66,35.7
Length87c,4,2.8,0,2.8,7.4,0,7.4
Length87c,5,9.43,4.9,10.63,72.93,27.47,74.9
Length87c,6,12.54,4.9,13.46,43.64,21.36,47.63
Length87c,7,1.12,0.49,1.23,73.11,23.58,74.56
Length87d,1,2.26,1.96,2.99,71.74,40.94,76.31
Length87d,2,4.42,1.47,4.65,59.4,18.42,61.12
Length87d,3,1.29,0.49,1.38,74.92,20.82,75.93
Length87d,4,5.27,5.39,7.54,16.2,45.65,47.83
Length87d,5,2.56,0,2.56,6.79,0,6.79
Length87d,6,1.95,0.49,2.01,38.73,14.1,40.83
Length87d,7,2.91,0.49,2.95,84.27,9.56,84.35
Length87d,8,1.92,0.49,1.99,73.93,14.29,74.44
Length87d,9,4.13,5.88,7.19,20.98,54.93,57.56
Length87e,1,7.92,3.92,8.83,74.04,26.35,75.74
Length87e,2,3.64,0.49,3.68,55.22,7.66,55.58
Length87e,3,2.44,1.47,2.85,51.27,31.08,57.6
Length87e,4,3.38,0.98,3.52,57.06,16.16,58.52
Length87e,5,3.03,0.98,3.18,83.63,17.95,83.94
Length87e,6,7.66,7.35,10.62,83.89,43.84,85.59
Length87e,7,6.19,8.33,10.38,37.65,53.41,61.83
Length87e,8,6.35,9.8,11.68,61.27,57.06,74.85
Length87f,1,2.29,1.47,2.72,66.31,32.67,70.23
Length87f,2,8.06,6.37,10.28,35.69,38.32,50.41
Length87f,3,3.53,4.9,6.04,8.06,54.21,54.61
Length87f,4,9.29,4.9,10.5,56.59,27.82,60.86
Length87f,5,5.78,5.88,8.24,23.05,45.52,49.85
Length88,1,1.47,1.47,2.08,39.79,45.07,57.13
Length88,2,2.6,1.96,3.25,82.04,37.05,83.65
Length88,3,2.79,4.9,5.64,0.5,60.35,60.35
Length88,4,8.79,3.92,9.62,13.11,24.04,27.2
Length89,1,7.32,5.88,9.39,52.22,38.79,61.47
Length89,2,6.11,3.43,7.01,44.72,29.31,51.71
Length89,3,3.8,2.94,4.81,86.47,37.72,87.21
Length89,4,2.94,3.92,4.9,58.47,53.18,71.74
Length89,5,5.04,4.41,6.7,83.59,41.2,85.18
Length89,6,6.93,5.88,9.09,50.56,40.31,61.02
Length89,7,1.02,0.98,1.41,69.68,43.9,75.51
Length89,8,2.98,1.96,3.57,2.67,33.35,33.44
Length89,9,3.68,3.92,5.38,1.52,46.82,46.84
Length89b,1,4.29,0.98,4.4,4.29,12.88,13.57
Length89b,2,5.04,4.41,6.7,84.37,41.19,85.77
Length89b,3,4.79,0.49,4.81,76.23,5.85,76.3
Length89b,4,8.55,4.41,9.62,29.78,27.3,39.54
Length89b,5,10.73,7.84,13.29,77.59,36.17,80.01
Length89b,6,3.81,2.94,4.81,30.36,37.7,46.94
Length89b,7,3.21,1.96,3.76,6.95,31.39,32.07
Length89b,8,9.34,4.41,10.33,45.78,25.27,50.9
Length89c,1,8.34,5.39,9.93,28.81,32.88,42.62
Length89d,1,8.41,4.41,9.49,24.18,27.69,36.12
Length89d,2,3.36,4.41,5.55,11.2,52.7,53.53
Length89d,3,3.12,5.88,6.66,1.64,62.03,62.04
Length89d,4,3.25,1.96,3.8,3.12,31.07,31.21
Length89d,5,5.59,1.47,5.78,32.01,14.74,34.91
Length89d,6,2.54,0.98,2.72,37.02,21.13,41.86
Length89d,7,2.47,1.47,2.88,46.11,30.76,53.44
Length89d,8,8.77,0,8.77,80.22,0,80.22
Length89d,9,2.59,8.33,8.73,72.78,72.72,84.95
Length90,1,2.68,0.98,2.86,57.24,20.06,59.45
Length90,2,4.69,1.96,5.09,10.09,22.68,24.71
Length90,3,6.79,2.45,7.22,15.73,19.86,25.14
Length90,4,3.12,0.98,3.27,33.81,17.45,37.57
Length90,5,4.3,3.92,5.82,53.14,42.38,63.7
Length92,1,4.2,1.31,4.39,61.09,17.3,62.51
Length92,2,3.58,1.47,3.87,46.36,22.33,50.33
Length92,3,5.69,1.14,5.81,9.83,11.36,14.98
Length92,4,2.51,3.92,4.66,52.98,57.36,71.05
Length92,5,3.81,1.47,4.08,27.44,21.12,34.12
Length92,6,4.43,5.39,6.98,75.13,50.62,80.63
Length92,7,6.35,5.39,8.33,50.47,40.32,60.97
Length92b,1,2.44,0.33,2.46,31.2,7.62,32.03
Length92b,2,3.3,3.92,5.12,35.66,49.96,58.49
Length92b,3,7.2,4.25,8.36,32.79,30.53,43.6
Length92b,4,5.8,9.31,10.97,55.91,58.07,72.75
Length92b,5,5.8,3.92,7,50.92,34.07,58.51
Length92b,6,2.28,1.8,2.91,48.89,38.2,58.89
Length92b,7,3.8,1.96,4.28,44.55,27.29,50.71
Length92c,1,6.91,2.45,7.33,52.21,19.54,54.73
Length92c,2,5.98,1.96,6.29,32.85,18.15,37.04
Length92c,3,12.51,3.92,13.11,19.57,17.4,25.96
Length92c,4,6.41,4.9,8.07,38.24,37.42,51.41
Length92c,5,1.77,0.49,1.84,85.53,15.49,85.7
Length92c,6,1.73,0,1.73,78.48,0,78.48
Length92c,7,5.63,1.96,5.96,42.95,19.19,46.27
Length92d,1,2.87,5.88,6.55,8.01,63.97,64.25
Length92d,2,2.25,0.49,2.3,63.58,12.31,64.23
Length92d,3,1.71,0.98,1.97,33.81,29.77,43.84
Length92d,4,9.29,2.94,9.74,58.84,17.57,60.44
Length93,1,1.93,2.45,3.12,45.41,51.74,64.23
Length93,2,6.06,2.94,6.74,19.48,25.89,31.99
Length93,3,3.74,1.47,4.02,56.63,21.46,59.21
Length93,4,2.33,4.9,5.43,88.61,64.6,89.4
Length93,5,2.98,0.49,3.02,33.47,9.35,34.61
Length93,6,2.76,5.39,6.06,79.41,62.89,85.2
Length93,7,5.94,4.41,7.4,88.77,36.58,89.01
Length93b,1,4.21,1.47,4.46,24.4,19.25,30.71
Length93b,2,5.66,6.37,8.52,49.41,48.4,64.41
Length93b,3,4.42,8.33,9.43,78.52,62.08,84.65
Length93b,4,2.56,1.47,2.95,76.32,29.91,78.17
Length93b,5,2.94,3.92,4.9,49.83,53.18,67.26
Length93b,6,2.02,0.49,2.08,18.44,13.64,22.8
Length93b,7,2.36,2.45,3.4,4.67,46.08,46.26
Length93b,8,5.41,0.98,5.49,65.38,10.28,65.8
Length94,1,7.98,6.21,10.11,20.78,37.88,42.44
Length94,2,6.12,6.86,9.2,76.64,48.26,81.15
Length94,3,2.35,0.49,2.4,50.24,11.78,51.24
Length94,4,3.82,4.9,6.21,55.66,52.09,69.72
Length94,5,11.42,8.33,14.14,54.98,36.12,62.38
Length94,6,5.2,5.39,7.49,36.16,46.06,55.93
Length95,1,2.84,3.92,4.84,62.82,54.06,74.45
Length95,2,4,3.43,5.27,69.38,40.61,74.49
Length95,3,2.67,3.43,4.34,89.64,52.16,89.78
Length95,4,1.23,0.49,1.33,48.17,21.66,51.7
Length95,5,3.83,2.45,4.55,81.35,32.59,82.72
Length95,6,2.58,0.98,2.76,13.91,20.83,24.88
Length96,1,1.88,1.47,2.39,24.05,37.98,43.97
Length96,2,1.92,1.47,2.42,22.24,37.49,42.74
Length96,3,2.34,0.49,2.39,51.13,11.82,52.1
Length96,4,2.55,1.47,2.95,39.05,29.93,47.7
Length96,5,11.32,4.9,12.34,39.6,23.41,45
Length96,6,6.88,2.94,7.48,14.02,23.16,26.87
Length96b,1,5.55,2.94,6.28,46.79,27.93,52.77
Length96b,2,3.4,1.47,3.7,0.06,23.42,23.42
Length96b,3,2.97,0,2.97,83.23,0,83.23
Length96b,4,6.54,1.47,6.7,7.5,12.68,14.7
Length98,1,6.73,2.45,7.16,85.77,20.02,86.03
Length98,2,8.3,8.82,12.11,53.14,46.77,65.74
Length98,3,3.41,0.98,3.55,74.45,16.05,75.07
Length98,4,4.92,0.98,5.02,78.55,11.26,78.78
Length99,1,1.51,0.49,1.59,68.45,17.95,69.55
Length99,2,1.4,0.98,1.71,35.49,35.06,48.2
Length99,3,7.5,1.96,7.75,90,14.66,90
Length99,4,7.72,6.37,10.01,70.23,39.52,74.87
Length99,5,9.76,2.45,10.06,2.6,14.1,14.33
Length100,1,3.17,1.47,3.49,51.24,24.92,55.4
Length100,2,4.82,0.98,4.92,58.41,11.5,59.11
Length100,3,5.42,5.39,7.65,3.31,44.85,44.95
Length102,1,5.14,2.94,5.92,15.72,29.8,33.35
Length102,2,3.8,0.98,3.92,19.81,14.47,24.36
Length102,3,9.07,1.47,9.19,42.76,9.21,43.55
Length102,4,7.11,4.9,8.63,8.99,34.59,35.6
Length103,1,2.87,0.82,2.98,39.83,15.89,42.38
Length103,2,5.81,7.19,9.24,85,51.08,86.86
Length103,3,7.2,7.35,10.29,6.03,45.62,45.93
Length103,4,8.13,7.84,11.3,10.44,43.97,44.94
Length103,5,3.67,4.9,6.12,24.1,53.19,56.84
Length103,6,8.38,1.47,8.51,60.71,9.95,61.19
Length103,7,12.99,9.31,15.99,52.75,35.64,60.53
Length103,8,1.16,1.96,2.28,57.84,59.46,74.31
Length103b,1,5.05,1.96,5.42,44.4,21.22,48.24
Length103b,2,6.94,4.9,8.5,65.78,35.22,70.42
Length103b,3,7.53,3.92,8.49,58.09,27.51,62.04
Length103c,1,8.22,7.35,11.03,10.26,41.8,42.81
Length103c,2,8.06,2.45,8.42,15.68,16.92,22.91
Length103c,3,2.05,0.98,2.27,4.51,25.57,25.94
Length103d,1,4.78,1.96,5.17,67.16,22.31,68.96
Length103d,2,4.6,10.29,11.27,48.25,65.94,74.25
Length103d,3,5.51,0.98,5.59,11.64,10.09,15.36
Length103d,4,8.37,3.43,9.04,21.47,22.3,30.57
Length103d,5,7.89,3.43,8.6,14.85,23.52,27.59
Length103d,6,2.69,2.94,3.99,49.51,47.54,64.01
Length103e,1,4.59,0.98,4.69,84.27,12.06,84.39
Length103e,2,2.16,0.98,2.37,66.21,24.4,68.45
Length103e,3,2.31,0.49,2.36,79.41,12,79.65
Length103e,4,6.8,2.45,7.22,64.45,19.83,66.06
Length103e,5,7.79,0.49,7.8,42.39,3.6,42.51
Length104,1,1.42,2.45,2.83,54.75,59.99,73.22
Length104,2,10.22,8.33,13.19,37.38,39.18,51.98
Length104,3,4.2,0.98,4.31,21.19,13.15,24.77
Length104,4,2.74,1.47,3.11,52.64,28.23,57.68
Length104,5,4.54,3.43,5.69,58.57,37.08,65.42
Length104b,1,2.93,0.98,3.09,60.54,18.48,62.19
Length104b,2,1.19,0.98,1.54,88.28,39.46,88.67
Length104b,3,2.54,1.96,3.21,33.27,37.7,48.58
Length104b,4,6.23,2.94,6.89,38.01,25.26,44.55
Length106,1,7.39,1.96,7.65,55.74,14.85,57.03
Length106,2,5.15,0.98,5.24,45.16,10.78,46.16
Length106,3,4,7.84,8.81,86.16,62.95,88.25
Length106,4,5.24,3.92,6.55,84.94,36.79,85.95
Length106,5,3.27,0.98,3.42,68.17,16.68,69.13
Length106,6,2.91,0.49,2.95,19.52,9.56,21.65
Length106,7,8.75,6.37,10.82,26.62,36.07,43.73
Length106,8,4.57,3.92,6.02,11.01,40.62,41.83
Length107,1,3.09,1.96,3.66,80.29,32.37,81.81
